Job Title,Job Link,Agency,Location,Pay,Section,Posted Date,latitude,longitude,MinAnnualSalary,MaxAnnualSalary
GIS Technician I,https://www.governmentjobs.com/jobs/4861001-0/gis-technician-i,Imperial Irrigation District,"El Centro, CA (Valley Plaza)","Full-time - $58,195.00 - $74,323.00 Annually",GIS,,36.116203,-119.681564,58195,74323
Land Records System Coordinator,https://www.governmentjobs.com/jobs/4872485-0/land-records-system-coordinator,"City and County of Butte-Silver Bow, MT","Silver-Bow County, MT","Full-time, Regular - $59,854.00 - $70,417.00 Annually",Natural Resources,,45.9009106,-112.6788845,59854,70417
LAND SPECIALIST 1-3,https://www.governmentjobs.com/jobs/4871794-0/land-specialist-1-3,State of Louisiana,"Baton Rouge, LA","Classified - $35,064.00 - $68,808.00 Annually",Natural Resources,,30.4494155,-91.1869659,35064,68808
GIS Tech 2025-00607,https://www.governmentjobs.com/jobs/4858565-0/gis-tech-2025-00607,State of Wyoming,"Cheyenne, WY",Permanent Full-time - $24.78 - $27.53 Hourly,GIS,,41.139981,-104.820246,51542.4,57262.4
Senior GIS Analyst,https://www.governmentjobs.com/jobs/4870963-0/senior-gis-analyst,City of Centennial,"Centennial, CO","Full-time - $67,560.00 - $84,450.00 Annually",GIS,,39.579155,-104.8769227,67560,84450
GIS Specialist I,https://www.governmentjobs.com/jobs/4870801-0/gis-specialist-i,Minnesota City Jobs,Saint Paul,FT - $25.47 - $35.49 Hourly,GIS,,44.9454108089846,-93.095584859746,52977.6,73819.2
Geospatial Program Manager - 60014160,https://www.governmentjobs.com/jobs/4868747-0/geospatial-program-manager-60014160,State of South Carolina,"Richland County, SC","FTE - Full-Time - $68,397.00 - $126,547.00 Annually",GIS,,34.0190006,-80.9176832,68397,126547
GIS Specialist,https://www.governmentjobs.com/jobs/4870570-0/gis-specialist,State of North Carolina,"Wake County, NC","Permanent Full-Time - $54,657.00 - $81,986.00 Annually",GIS,,35.7979355,-78.6118311,54657,81986
Transportation & Air Quality Planner/Analyst,https://www.governmentjobs.com/jobs/4856182-0/transportation-air-quality-planner-analyst,Metropolitan Transportation Commission,"San Francisco, CA","Regular/Full-Time - $105,092.00 - $153,663.12 Annually",Environmental,,37.7792588,-122.4193286,105092,153663.12
GIS Solutions Engineer,https://www.governmentjobs.com/jobs/4867032-0/gis-solutions-engineer,City of West Hollywood,"West Hollywood, CA","Full-time Regular Status - $126,773.88 - $161,991.24 Annually",GIS,,34.0923014,-118.3692894,126773.88,161991.24
GIS Specialist - Senior,https://www.governmentjobs.com/jobs/4838419-0/gis-specialist-senior,King County,"Seattle, WA","Career Service, Full Time, 40 hrs/week - $111,260.45 - $141,028.99 Annually",GIS,,47.6038321,-122.330062,231421736,293340299.2
GIS Intern,https://www.governmentjobs.com/jobs/4867871-0/gis-intern,Boulder County,"Boulder, CO",Hourly - $24.04 Hourly,GIS,,40.0149856,-105.270545,,50003.2
GIS Specialist,https://www.governmentjobs.com/jobs/4869142-0/gis-specialist,Minnesota City Jobs,Brainerd,"FT - $58,385.60 - $69,492.80 Annually",GIS,,46.3508210288226,-94.2078036128041,58385.6,69492.8
Geospatial Analyst II,https://www.governmentjobs.com/jobs/4869249-0/geospatial-analyst-ii,State of South Carolina,"Richland County, SC","FTE - Full-Time - $46,655.00 - $86,321.00 Annually",GIS,,34.0190006,-80.9176832,46655,86321
Election Specialist-IT Support/GIS Support/Mapping,https://www.governmentjobs.com/jobs/4869480-0/election-specialist-it-support-gis-support-mapping,Warren County (NC),"Warren County, NC","Full-Time - $31,129.00 - $38,537.00 Annually",GIS,,36.3901694,-78.1052123,31129,38537
Systems Coordinator Technician (GIS),https://www.governmentjobs.com/jobs/4859670-0/systems-coordinator-technician-gis,City of Mountain View (CA),Mountain View City Hall,"Full-Time - $92,569.36 - $125,240.96 Annually",GIS,,37.4148335674197,-122.092459367738,92569.36,125240.96
Geographic Information Systems Intern,https://www.governmentjobs.com/jobs/4868089-0/geographic-information-systems-intern,City of Woodinville,"Woodinville, WA",Intern - $25.28 - $29.57 Hourly,GIS,,47.7545827,-122.1588902,52582.4,61505.6
GIS Specialist,https://www.governmentjobs.com/jobs/4866575-0/gis-specialist,City of Brainerd,"Brainerd, MN","Full Time - $58,385.60 - $69,492.80 Annually",GIS,,46.3580221,-94.2008288,58385.6,69492.8
Transportation Geographic Information Systems Technician Trainee - Mineral County,https://www.governmentjobs.com/jobs/4865830-0/transportation-geographic-information-systems-technician-trainee-mineral-county,West Virginia Department of Transportation (WV),"Burlington, WV","Full-Time Permanent - $1,486.54 - $2,132.70 Biweekly",GIS,,39.3359725,-78.9226145940431,1486.54,2132.7
SENIOR GIS ANALYST,https://www.governmentjobs.com/jobs/4866075-0/senior-gis-analyst,"City of Anna, Texas","Anna, TX","Full-Time - $74,861.57 - $93,898.87 Annually",GIS,,33.3496662,-96.5547038,74861.57,93898.87
Special Programs Coordinator - Outdoor Recreation,https://www.governmentjobs.com/jobs/4854405-0/special-programs-coordinator-outdoor-recreation,Metropolitan Government of Nashville & Davidson County,"Nashville, TN","Full-Time Civil Service - $57,958.26 Annually",Parks & Recreation,,36.1622767,-86.7742984,,57958.26
Grays Harbor District Biologist - Fish and Wildlife Biologist 4 - Permanent - *01964-25,https://www.governmentjobs.com/jobs/4872006-0/grays-harbor-district-biologist-fish-and-wildlife-biologist-4-permanent-01,State of Washington,"Grays Harbor County – Montesano, WA","Full Time - Permanent - $5,501.00 - $7,400.00 Monthly",Fish & Wildlife,,47.400902,-121.490494,5501,7400
Parks Natural Resource Program Supervisor,https://www.governmentjobs.com/jobs/4841745-0/parks-natural-resource-program-supervisor,County of Santa Clara,"Throughout the County of Santa Clara, CA","Full-Time - $116,122.24 - $141,175.84 Annually",Parks & Recreation,,36.116203,-119.681564,116122.24,141175.84
Park Ranger I - Pikes Peak - America's Mountain,https://www.governmentjobs.com/jobs/4855188-0/park-ranger-i-pikes-peak-americas-mountain,City of Colorado Springs,"Pikes Peak - America's Mountain - City of Colorado Springs, CO",Classified - Full Time - $24.02 - $28.84 Hourly,Parks & Recreation,,38.8339578,-104.825348,49961.6,59987.2
Parks Maintenance & Forestry Supervisor,https://www.governmentjobs.com/jobs/4872520-0/parks-maintenance-forestry-supervisor,Carver County,"Cologne Public Works Headquarters, MN","Full-Time - $76,336.00 - $114,483.20 Annually",Parks & Recreation,,45.694454,-93.900192,76336,114483.2
Seasonal Wildlife Sanctuary Visitor Specialist - Animal Care,https://www.governmentjobs.com/jobs/4872569-0/seasonal-wildlife-sanctuary-visitor-specialist-animal-care,City of Green Bay,"Green Bay, WI",Seasonal - $13.26 - $15.30 Hourly,Fish & Wildlife,,44.5126379,-88.0125794,27580.8,31824
Recreation Specialist - Outdoor Programs,https://www.governmentjobs.com/jobs/4803827-0/recreation-specialist-outdoor-programs,City of Norfolk,"Norfolk, VA","Permanent Full-time - $42,629.00 - $69,485.00 Annually",Parks & Recreation,,36.8493695,-76.2899539,42629,69485
Liberty Lake Regional Park - Extra Help - Hospitality Booth (EXTRA HELP),https://www.governmentjobs.com/jobs/4866168-0/liberty-lake-regional-park-extra-help-hospitality-booth-extra-help,Spokane County,"WA 99019, WA",Extra Help - $16.66 - $19.42 Hourly,Parks & Recreation,,47.400902,-121.490494,34652.8,40393.6
"Education and Enforcement Warden, Natural Resource Specialist 2 (NRS2)",https://www.governmentjobs.com/jobs/4870674-0/education-and-enforcement-warden-natural-resource-specialist-2-nrs2,State of Washington,"Skagit County - Sedro Woolley, WA","Full Time - Non-Permanent - $51,588.00 - $69,396.00 Annually",Natural Resources,,48.504994,-122.235109,51588,69396
Park Ranger I/II - Seasonal,https://www.governmentjobs.com/jobs/4871311-0/park-ranger-i-ii-seasonal,City of South Lake Tahoe,"South Lake Tahoe, CA",Seasonal - $16.50 - $23.54 Hourly,Parks & Recreation,,38.9332411,-119.9843482,34320,48963.2
Watercraft Inspectors - Natural Resource Worker 2 - Non-Permanent - 3 Openings - *01941-25,https://www.governmentjobs.com/jobs/4870535-0/watercraft-inspectors-natural-resource-worker-2-non-permanent-3-openings,State of Washington,"Multiple Locations Statewide, WA","Full Time - Non-Permanent - $2,961.00 - $3,811.00 Monthly",Water,,47.400902,-121.490494,2961,3811
Open Space Seasonal Worker,https://www.governmentjobs.com/jobs/4871235-0/open-space-seasonal-worker,"City of Lafayette, Colorado","Service Center - Lafayette, CO",Part Time Seasonal - $19.20 - $23.03 Hourly,Natural Resources,,39.9935959,-105.089705,39936,47902.4
TEMPORARY FULL Commissioned Park Ranger -  Trinidad Lake State Park,https://www.governmentjobs.com/jobs/4775109-0/temporary-full-commissioned-park-ranger-trinidad-lake-state-park,State of Colorado,"Las Animas County, CO",Temporary (9 months or less) - $18.00 - $21.00 Hourly,Parks & Recreation,,37.3096626,-104.0591427,37440,43680
TEMPORARY Wildlife (Habitat) Technicians Hot  Sulphur Springs,https://www.governmentjobs.com/jobs/4871531-0/temporary-wildlife-habitat-technicians-hot-sulphur-springs,State of Colorado,"Grand County, CO",Temporary (9 months or less) - $17.00 Hourly,Fish & Wildlife,,40.0990074,-106.1366966,,35360
Seasonal Shift Leader - Hyland Lake Park Reserve,https://www.governmentjobs.com/jobs/4870094-0/seasonal-shift-leader-hyland-lake-park-reserve,Three Rivers Park District,"Hyland Lake Park Reserve - Bloomington, MN",Seasonal - $18.00 - $19.50 Hourly,Parks & Recreation,,44.8322405,-93.3204872,37440,40560
Seasonal Attendant - Hyland Lake Park Reserve,https://www.governmentjobs.com/jobs/4870079-0/seasonal-attendant-hyland-lake-park-reserve,Three Rivers Park District,"Hyland Lake Park Reserve - Bloomington, MN",Seasonal - $13.50 - $15.00 Hourly,Parks & Recreation,,44.8322405,-93.3204872,28080,31200
Park Rangers,https://www.governmentjobs.com/jobs/4793528-0/park-rangers,Full-Time - See Position Description,"Throughout St. Louis County, MO",N/A,Parks & Recreation,,38.456085,-92.288368,,
Seasonal AIS Attendant - Bryant Lake Park Reserve,https://www.governmentjobs.com/jobs/4870092-0/seasonal-ais-attendant-bryant-lake-park-reserve,Three Rivers Park District,"Bryant Lake Regional Park - Eden Prairie, MN",Seasonal - $14.00 - $15.50 Hourly,Parks & Recreation,,44.8546856,-93.470786,29120,32240
Seasonal Beach Safety Coordinator - Elm Creek Park Reserve and Lake Minnetonka Regional Park,https://www.governmentjobs.com/jobs/4870118-0/seasonal-beach-safety-coordinator-elm-creek-park-reserve-and-lake-minnetonka-re,Three Rivers Park District,"Elm Creek Park Reserve - Maple Grove and Lake Minnetonka Regional Park -  Minnetrista, MN",Seasonal - $22.88 - $41.28 Hourly,Parks & Recreation,,44.923562,-93.7186813,47590.4,85862.4
Seasonal Shift Leader - Bryant Lake Park Reserve,https://www.governmentjobs.com/jobs/4870100-0/seasonal-shift-leader-bryant-lake-park-reserve,Three Rivers Park District,"Bryant Lake Regional Park - Eden Prairie, MN",Seasonal - $18.00 - $19.50 Hourly,Parks & Recreation,,44.8546856,-93.470786,37440,40560
Seasonal Attendant - Bryant Lake Park Reserve,https://www.governmentjobs.com/jobs/4870086-0/seasonal-attendant-bryant-lake-park-reserve,Three Rivers Park District,"Bryant Lake Regional Park - Eden Prairie, MN",Seasonal - $13.50 - $15.00 Hourly,Parks & Recreation,,44.8546856,-93.470786,28080,31200
Park Ranger 1-2,https://www.governmentjobs.com/jobs/4870295-0/park-ranger-1-2,State of Louisiana,"Homer, LA","Classified - $2,917.00 - $5,904.00 Monthly",Parks & Recreation,,32.7918133,-93.055718,2917,5904
Parks and Recreation Ranger,https://www.governmentjobs.com/jobs/4870573-0/parks-and-recreation-ranger,City of Whitehall,"Whitehall, OH",Part Time - $15.00 - $18.00 Hourly,Parks & Recreation,,39.9667308,-82.8854559,31200,37440
Trail Steward - Eagle Creek Park,https://www.governmentjobs.com/jobs/4870318-0/trail-steward-eagle-creek-park,City of Indianapolis and Marion County,"Eagle Creek Park, IN","Full Time - $37,481.60 Annually",Parks & Recreation,,39.86721185,-86.2990359074961,,37481.6
Lake Maintenance Worker (seasonal),https://www.governmentjobs.com/jobs/120213-1/lake-maintenance-worker-seasonal,City of Edmond,"Edmond, OK",Temporary - $11.00 Hourly,Parks & Recreation,,35.6571367,-97.4649038,,22880
Habitat Restoration Intern,https://www.governmentjobs.com/jobs/4869280-0/habitat-restoration-intern,City of Albany (CA),"Albany, CA","Temporary/Extra Help (seasonal, on-call, event) - $16.50 - $21.06 Hourly",Natural Resources,,37.8871621,-122.298351,34320,43804.8
Park Ranger (Part-Time),https://www.governmentjobs.com/jobs/4866918-0/park-ranger-part-time,Town of Davie,"Davie, FL",Part-Time - $19.98 Hourly,Parks & Recreation,,26.0628665,-80.2331038,,41558.4
Open Space & Trails Manager,https://www.governmentjobs.com/jobs/120108-1/open-space-trails-manager,"Eagle, Town of (CO)","Eagle, CO","- $103,120.00 - $128,900.00 Annually",Parks & Recreation,,39.6161124,-106.7172844,103120,128900
Parks Trailhead Maintenance Tech-I (On-call),https://www.governmentjobs.com/jobs/4867269-0/parks-trailhead-maintenance-tech-i-on-call,Matanuska-Susitna Borough,"Jim Creek Park Maintenance Facility, AK",Thousand (1000) Hour - $21.27 Hourly,Parks & Recreation,,61.370716,-152.404419,,44241.6
Volunteer (Non-Paid) Position - Portland Parks Board,https://www.governmentjobs.com/jobs/4868054-0/volunteer-non-paid-position-portland-parks-board,City of Portland,"Remote - Part-time, OR",Volunteer - $0.00 Annually,Parks & Recreation,,44.572021,-122.070938,,0
Internship - Summer Programs Intern (Jackson Bottom Wetlands Preserve),https://www.governmentjobs.com/jobs/4870851-0/internship-summer-programs-intern-jackson-bottom-wetlands-preserve,City of Hillsboro,"OR 97123, OR",Internship - $19.00 - $24.04 Hourly,Natural Resources,,44.572021,-122.070938,39520,50003.2
Outdoor Maintenance Attendant (PT Maintenance Support),https://www.governmentjobs.com/jobs/4849303-0/outdoor-maintenance-attendant-pt-maintenance-support,City of Colorado Springs,"Recreation and Cultural Services - City of Colorado Springs, CO",Seasonal - $21.00 Hourly,Parks & Recreation,,38.8339578,-104.825348,,43680
Seasonal - Spring Lake Park,https://www.governmentjobs.com/jobs/4867763-0/seasonal-spring-lake-park,Seasonal - See Position Description,Spring Lake Park,N/A,Parks & Recreation,,45.116561219059,-93.2377606078776,,
Park Ranger Seasonal,https://www.governmentjobs.com/jobs/4863938-0/park-ranger-seasonal,City of Kalamazoo,"Kalamazoo, MI",Temporary - $15.00 Hourly,Parks & Recreation,,42.291707,-85.5872286,,31200
Service Manager (Outdoor Pools),https://www.governmentjobs.com/jobs/4851066-0/service-manager-outdoor-pools,City of Dublin,"Dublin, OH",Seasonal - $20.00 Hourly,Parks & Recreation,,40.0996009,-83.1135563,,41600
Forestry Crew Leader,https://www.governmentjobs.com/jobs/4865781-0/forestry-crew-leader,City of Norfolk,"Norfolk, VA","Permanent Full-time - $46,589.00 - $76,023.00 Annually",Forestry,,36.8493695,-76.2899539,46589,76023
Naturalist II - Parks and Recreation,https://www.governmentjobs.com/jobs/119935-1/naturalist-ii-parks-and-recreation,Full-Time - See Position Description,"Prince Frederick, MD",N/A,Parks & Recreation,,38.5406075,-76.5835128564747,,
Fish Hatchery Specialist 2 - Dungeness Hatchery - Non-Permanent - 2 Openings - *01480-25,https://www.governmentjobs.com/jobs/4845049-0/fish-hatchery-specialist-2-dungeness-hatchery-non-permanent-2-openings-0,State of Washington,"Clallam County – Sequim, WA","Full Time - Non-Permanent - $3,558.00 - $4,740.00 Monthly",Fish & Wildlife,,47.400902,-121.490494,3558,4740
Supervising Park Ranger - Substitute,https://www.governmentjobs.com/jobs/4865391-0/supervising-park-ranger-substitute,County of San Luis Obispo,"All Locations - San Luis Obispo County, CA","Permanent - Hourly - $76,107.20 - $97,136.00 Annually",Parks & Recreation,,35.3540209,-120.375716,158302976,202042880
Noxious Weed Specialist,https://www.governmentjobs.com/jobs/4865577-0/noxious-weed-specialist,County of Mason (WA),"Mason County, WA",Extra Help - $17.34 - $22.44 Hourly,Natural Resources,,47.3429635,-123.1822758,36067.2,46675.2
Watercraft Inspectors - Natural Resource Worker 2 - Non-Permanent - 4 Openings - *01863-25,https://www.governmentjobs.com/jobs/4866182-0/watercraft-inspectors-natural-resource-worker-2-non-permanent-4-openings,State of Washington,"Multiple Locations Statewide, WA","Full Time - Non-Permanent - $2,961.00 - $3,811.00 Monthly",Water,,47.400902,-121.490494,2961,3811
Summer Nature Camp Instructor,https://www.governmentjobs.com/jobs/4866152-0/summer-nature-camp-instructor,City of Kirkland,"Kirkland, WA",Seasonal - $22.18 - $26.48 Hourly,Parks & Recreation,,47.6765382,-122.2070775,46134.4,55078.4
"CPW WILDLIFE MANAGER III / Habitat Biologist (Delta, CO)",https://www.governmentjobs.com/jobs/4865215-0/cpw-wildlife-manager-iii-habitat-biologist-delta-co,State of Colorado,"Statewide, CO","Full Time - $63,624.00 - $82,716.00 Annually",Fish & Wildlife,,39.059811,-105.311104,63624,82716
Landscape Technician,https://www.governmentjobs.com/jobs/4857804-0/landscape-technician,City of Rochester,"Rochester MN 55904, MN",Regular FT - $28.46 - $36.93 Hourly,Natural Resources,,45.694454,-93.900192,59196.8,76814.4
Fish and Wildlife Technician 2 - Commerce - Natural Resources - Pocahontas Co.,https://www.governmentjobs.com/jobs/4865897-0/fish-and-wildlife-technician-2-commerce-natural-resources-pocahontas-co,West Virginia,"Pocahontas County, WV","Full-Time Permanent - $32,862.00 - $56,373.00 Annually",Fish & Wildlife,,38.3022233,-80.0286878,32862,56373
Fish and Wildlife Technician 2 - Commerce - Natural Resources - Randolph Co.,https://www.governmentjobs.com/jobs/4865929-0/fish-and-wildlife-technician-2-commerce-natural-resources-randolph-co,West Virginia,"Randolph County, WV","Full-Time Permanent - $32,862.00 - $56,373.00 Annually",Fish & Wildlife,,38.8085998,-79.872531,32862,56373
Environmental Educator - P/T,https://www.governmentjobs.com/jobs/4863770-0/environmental-educator-p-t,City of Boca Raton,"Boca Raton, FL",Part-Time - $19.41 - $25.20 Hourly,Environmental,,26.3586885,-80.0830984,40372.8,52416
Natural Resource Technician,https://www.governmentjobs.com/jobs/120327-1/natural-resource-technician,City of Aspen,"Aspen, CO",Part-Time Temporary - $21.16 - $25.40 Hourly,Natural Resources,,39.1911128,-106.82356,44012.8,52832
Seasonal - Noxious Weed Control Technician,https://www.governmentjobs.com/jobs/4858746-0/seasonal-noxious-weed-control-technician,Snohomish County,"Everett, WA",Seasonal - $24.95 - $32.61 Hourly,Natural Resources,,47.9793437,-122.2127011,51896,67828.8
GNA Forestry Technician 2025-00653,https://www.governmentjobs.com/jobs/4867741-0/gna-forestry-technician-2025-00653,State of Wyoming,"Newcastle, WY",Permanent Full-time - $27.13 - $30.00 Hourly,Forestry,,43.8547459,-104.2051256,56430.4,62400
Natural resources Coordinator,https://www.governmentjobs.com/jobs/4872305-0/natural-resources-coordinator,Minnesota City Jobs,Maplewood,FT - $33.10 - $41.90 Hourly,Natural Resources,,45.694454,-93.900192,68848,87152
Environmental Education Specialist (Seasonal)- Cowans Gap State Park Complex,https://www.governmentjobs.com/jobs/4867259-0/environmental-education-specialist-seasonal-cowans-gap-state-park-complex,Commonwealth of Pennsylvania,"Fulton County, PA",Civil Service Seasonal Full-Time - $25.99 Hourly,Environmental,,39.9159664,-78.1299624,,54059.2
Water Conservation Program Assistant for Irrigation,https://www.governmentjobs.com/jobs/4871836-0/water-conservation-program-assistant-for-irrigation,Manatee County Government,"Palmetto, FL",Full-Time (Hourly) - $17.36 - $26.04 Hourly,Water,,27.5214269,-82.5723193,36108.8,54163.2
Regional Environmental Health Specialist,https://www.governmentjobs.com/jobs/4871249-0/regional-environmental-health-specialist,State of North Carolina,"Regional, NC","Permanent Full-Time - $53,164.00 - $93,038.00 Annually",Environmental,,35.630066,-79.806419,53164,93038
"FORESTRY & WILDLIFE WORKER II - KAMUELA / KOHALA / WAIKOLOA, HAWAII ISLAND",https://www.governmentjobs.com/jobs/4856497-0/forestry-wildlife-worker-ii-kamuela-kohala-waikoloa-hawaii-island,State of Hawai'i,Island of Hawaii,"Various - $4,695.00 Monthly",Fish & Wildlife,,19.7328011328587,-155.79761649795,,4695
"FORESTRY & WILDLIFE WORKER II - WAILUKU / KAHULUI, MAUI",https://www.governmentjobs.com/jobs/4856841-0/forestry-wildlife-worker-ii-wailuku-kahului-maui,State of Hawai'i,Island of Maui,"Various - $4,695.00 Monthly",Fish & Wildlife,,19.7328011328587,-155.79761649795,,4695
Fish and Wildlife Technician 3 (Kenai and Kasilof Sonar FWT 3 - PCN 111177),https://www.governmentjobs.com/jobs/4869958-0/fish-and-wildlife-technician-3-kenai-and-kasilof-sonar-fwt-3-pcn-111177,State of Alaska,"Soldotna, AK",Seasonal - $21.50 Hourly,Fish & Wildlife,,60.4847228,-151.065349,,44720
"Fish and Wildlife Technician 2 (PCNs 111532, 111658)",https://www.governmentjobs.com/jobs/4871152-0/fish-and-wildlife-technician-2-pcns-111532-111658,State of Alaska,"Cordova, AK",Seasonal - $21.25 Hourly,Fish & Wildlife,,60.5443385,-145.7595063,,44200
Environmental Scientist III,https://www.governmentjobs.com/jobs/4862850-0/environmental-scientist-iii,King County,"Renton, WA","Career Service, Full Time, 40 hrs/week - $52.24 - $66.21 Hourly",Environmental,,47.4799078,-122.2034496,108659.2,137716.8
Environmental Scientist II,https://www.governmentjobs.com/jobs/4862829-0/environmental-scientist-ii,King County,"Renton, WA","Career Service, Full Time, 40 hrs/week - $46.40 - $58.81 Hourly",Environmental,,47.4799078,-122.2034496,96512,122324.8
Natural Resources Intern,https://www.governmentjobs.com/jobs/4860612-0/natural-resources-intern,City of Tacoma,"Tacoma, WA",Classified - $16.72 - $20.33 Hourly,Natural Resources,,47.2455013,-122.438329,34777.6,42286.4
Environmental Biologist,https://www.governmentjobs.com/jobs/4865788-0/environmental-biologist,City of Springfield (MO),"Springfield, MO","Full Time - $52,561.60 - $88,067.20 Annually",Natural Resources,,37.2081729,-93.2922715,52561.6,88067.2
BIOLOGIST SUPERVISOR -PINEVILLE / RAPIDES,https://www.governmentjobs.com/jobs/4869104-0/biologist-supervisor-pineville-rapides,State of Louisiana,"Pineville, LA","Classified - $4,458.00 - $8,027.00 Monthly",Natural Resources,,31.3224044,-92.4343035,4458,8027
Environmental/Natural Resources Specialist II,https://www.governmentjobs.com/jobs/4868816-0/environmental-natural-resources-specialist-ii,State of Mississippi,"24 - HARRISON COUNTY, MS","Full-Time - $40,286.40 - $44,315.04 Annually",Environmental,,30.4553392,-89.1313136,40286.4,44315.04
BIOLOGIST MANGER - FOREST HILL/RAPIDES,https://www.governmentjobs.com/jobs/4868443-0/biologist-manger-forest-hill-rapides,State of Louisiana,"Forest Hill, LA","Classified - $4,770.00 - $8,589.00 Monthly",Natural Resources,,31.0418561,-92.5312494,4770,8589
BIOLOGIST 1-3  EAST BATON ROUGE,https://www.governmentjobs.com/jobs/4870445-0/biologist-1-3-east-baton-rouge,State of Louisiana,"Baton Rouge, LA","Classified - $3,181.00 - $5,724.00 Monthly",Natural Resources,,30.4494155,-91.1869659,3181,5724
Property Specialist 13 (Local Public Agency and Land Use Specialist),https://www.governmentjobs.com/jobs/4869426-0/property-specialist-13-local-public-agency-and-land-use-specialist,State of Michigan,"Lansing, MI",Limited Term (position has expiration date) - $31.06 - $46.36 Hourly,Natural Resources,,42.7338254,-84.5546295,64604.8,96428.8
Forest Insect Pest Aide 1 (Temporary) - Capital Region,https://www.governmentjobs.com/jobs/4866943-0/forest-insect-pest-aide-1-temporary-capital-region,Commonwealth of Pennsylvania,"Dauphin County, PA",Non-Civil Service Temporary Full-time - $17.00 Hourly,Forestry,,40.398036,-76.8115168,,35360
Assistant County Ranger,https://www.governmentjobs.com/jobs/4865927-0/assistant-county-ranger,State of North Carolina,"Pitt County, NC","Permanent Full-Time - $35,984.00 - $62,971.00 Annually",Parks & Recreation,,35.611481,-77.3707461,35984,62971
Fish and Wildlife Technician 2 (PCN 111935),https://www.governmentjobs.com/jobs/4869930-0/fish-and-wildlife-technician-2-pcn-111935,State of Alaska,"Ketchikan, AK",Seasonal - $19.05 Hourly,Fish & Wildlife,,55.3430696,-131.6466819,,39624
Fish and Wildlife Technician 2 (PCN 114146),https://www.governmentjobs.com/jobs/4869395-0/fish-and-wildlife-technician-2-pcn-114146,State of Alaska,"Soldotna, AK",Seasonal - $19.05 Hourly,Fish & Wildlife,,60.4847228,-151.065349,,39624
Fish and Wildlife Technician 3 (PCN 111765),https://www.governmentjobs.com/jobs/4869887-0/fish-and-wildlife-technician-3-pcn-111765,State of Alaska,"Ketchikan, AK",Seasonal - $21.50 Hourly,Fish & Wildlife,,55.3430696,-131.6466819,,44720
Hatchery Operations Manager Region 5 - WMS Band 2 - Permanent - *01932-25,https://www.governmentjobs.com/jobs/4869774-0/hatchery-operations-manager-region-5-wms-band-2-permanent-01932-25,State of Washington,"Cowlitz County – Other, WA","Full Time - Permanent - $100,000.00 - $105,108.00 Annually",Fish & Wildlife,,47.400902,-121.490494,100000,105108
"Treatment, Storage, and Disposal Facility Compliance Expert (Environmental Specialist 5)",https://www.governmentjobs.com/jobs/4866116-0/treatment-storage-and-disposal-facility-compliance-expert-environmental-specia,State of Washington,"Benton County – Richland, WA","Full Time - Permanent - $72,924.00 - $98,040.00 Annually",Environmental,,47.400902,-121.490494,72924,98040
Water Conservation Specialist,https://www.governmentjobs.com/jobs/4867957-0/water-conservation-specialist,City of Scottsdale,"Scottsdale, AZ",Full-Time Regular - $34.36 - $46.41 Annually,Water,,33.4942189,-111.926018,34.36,46.41
Natural Resources Analyst 2025-00702,https://www.governmentjobs.com/jobs/4867760-0/natural-resources-analyst-2025-00702,State of Wyoming,"Lander, WY","Permanent Full-time - $5,147.99 - $5,719.99 Monthly",Natural Resources,,42.8330755,-108.730702,5147.99,5719.99
ECMC Northwest Area Environmental Protection Specialist,https://www.governmentjobs.com/jobs/4843904-0/ecmc-northwest-area-environmental-protection-specialist,State of Colorado,"Other (see multiple locations in job posting), CO","Full Time - $72,432.00 - $90,000.00 Annually",Environmental,,39.059811,-105.311104,72432,90000
Wildlife Biologist Specialist 13 - Waterfowl Specialist,https://www.governmentjobs.com/jobs/4864975-0/wildlife-biologist-specialist-13-waterfowl-specialist,State of Michigan,"Lansing, MI",Permanent Full Time - $33.13 - $48.66 Hourly,Water,,42.7338254,-84.5546295,68910.4,101212.8
Park & Recreation Ranger 6-E8 (Tahquamenon Falls State Park),https://www.governmentjobs.com/jobs/4865860-0/park-recreation-ranger-6-e8-tahquamenon-falls-state-park,State of Michigan,"Paradise, MI",Permanent Intermittent (hours may vary) - $20.77 - $29.20 Hourly,Parks & Recreation,,46.6275215,-85.0375869,43201.6,60736
Marine Fisheries Technician,https://www.governmentjobs.com/jobs/4869164-0/marine-fisheries-technician,State of North Carolina,"Beaufort County, NC","Permanent Full-Time - $31,084.00 - $54,397.00 Annually",Fish & Wildlife,,35.469331,-76.8927522,31084,54397
Low-Carbon Fuels Market Analyst (Natural Resource Specialist 4),https://www.governmentjobs.com/jobs/120124-1/low-carbon-fuels-market-analyst-natural-resource-specialist-4,Oregon Department of Environmental Quality,"Portland, OR","Full-Time - $6,122.00 - $9,409.00 Monthly",Natural Resources,,45.5202471,-122.674194,6122,9409
AQUATIC BIOLOGIST IV - STATEWIDE,https://www.governmentjobs.com/jobs/4851780-0/aquatic-biologist-iv-statewide,Various - See Position Description,Statewide,N/A,Fish & Wildlife,,19.6448769282892,-155.665780568083,,
Fish and Wildlife Technician 3 (PCN 114297),https://www.governmentjobs.com/jobs/4862833-0/fish-and-wildlife-technician-3-pcn-114297,State of Alaska,"Homer, AK",Seasonal - $21.50 Hourly,Fish & Wildlife,,59.6454064,-151.5445643,,44720
"Dispatch Operations Coordinator, Wildland Fire Program Coordinator 1",https://www.governmentjobs.com/jobs/4862681-0/dispatch-operations-coordinator-wildland-fire-program-coordinator-1,State of Washington,"Stevens County – Colville, WA","Full Time - Permanent - $62,892.00 - $84,516.00 Annually",Forestry,,47.400902,-121.490494,62892,84516
Puget Sound Sampling Unit Biologist - Fish and Wildlife Biologist 3 - Permanent - *01896-25,https://www.governmentjobs.com/jobs/4864247-0/puget-sound-sampling-unit-biologist-fish-and-wildlife-biologist-3-permanent,State of Washington,"Thurston County – Olympia, WA","Full Time - Permanent - $5,241.00 - $7,042.00 Monthly",Fish & Wildlife,,47.400902,-121.490494,5241,7042
Pest Biologist 1,https://www.governmentjobs.com/jobs/4863674-0/pest-biologist-1,State of Washington,"Thurston County – Tumwater, WA","Full Time - Permanent - $45,732.00 - $61,404.00 Annually",GIS,,47.400902,-121.490494,45732,61404
"State Lands Lead Forester, Natural Resource Specialist 2 (NRS2)/NRS1 In-Training",https://www.governmentjobs.com/jobs/4866810-0/state-lands-lead-forester-natural-resource-specialist-2-nrs2-nrs1-in-training,State of Washington,"Clallam County – Forks, WA","Full Time - Permanent - $45,732.00 - $69,396.00 Annually",Forestry,,47.400902,-121.490494,45732,69396
Natural Resources Technician 1 (NRT1),https://www.governmentjobs.com/jobs/4866615-0/natural-resources-technician-1-nrt1,State of Iowa,"Harpers Ferry - 52146 - Allamakee County, IA","Full-time - $40,289.60 - $58,988.80 Annually",Natural Resources,,43.2961731,-91.3961856,40289.6,58988.8
Forest Fire Officer 7-E9 - Kalkaska,https://www.governmentjobs.com/jobs/4864855-0/forest-fire-officer-7-e9-kalkaska,State of Michigan,"Kalkaska, MI",Permanent Full Time - $22.95 - $32.74 Hourly,Forestry,,44.6780512,-85.1002509,47736,68099.2
Park & Recreation Ranger 6-E8 (Presque Isle State Harbor),https://www.governmentjobs.com/jobs/4860664-0/park-recreation-ranger-6-e8-presque-isle-state-harbor,State of Michigan,"Presque Isle, MI",Seasonal - $20.77 - $29.20 Hourly,Parks & Recreation,,45.3375258,-83.9567881,43201.6,60736
"Forest Maintenance Worker (Seasonal) - Tioga Forest District, Tioga County",https://www.governmentjobs.com/jobs/4861057-0/forest-maintenance-worker-seasonal-tioga-forest-district-tioga-county,Commonwealth of Pennsylvania,"Tioga County, PA",Civil Service Seasonal Full-Time - $18.05 Hourly,Parks & Recreation,,41.7741691,-77.254256,,37544
Forest Technician,https://www.governmentjobs.com/jobs/4824334-0/forest-technician,Commonwealth of Pennsylvania,"*Home Headquartered, PA",Civil Service Limited Term Full-Time - $22.95 Hourly,Forestry,,40.590752,-77.209755,,47736
Environmental Program Consultant,https://www.governmentjobs.com/jobs/4866428-0/environmental-program-consultant,State of North Carolina,"Wake County, NC","Permanent Full-Time - $61,545.00 - $107,703.00 Annually",Environmental,,35.7979355,-78.6118311,61545,107703
Environmental Inspector in Training - Environmental Protection - Raleigh Co.,https://www.governmentjobs.com/jobs/4866551-0/environmental-inspector-in-training-environmental-protection-raleigh-co,West Virginia,"Raleigh County, WV","Full-Time Permanent - $39,461.00 - $68,582.00 Annually",Environmental,,37.7493481,-81.2250929,39461,68582
Water Quality Permit Compliance Analyst (Program Analyst 1),https://www.governmentjobs.com/jobs/120029-1/water-quality-permit-compliance-analyst-program-analyst-1,Oregon Department of Environmental Quality,"Portland, OR","Full-Time - $4,409.00 - $6,732.00 Monthly",Water,,45.5202471,-122.674194,4409,6732
Fishery Biologist 3 (PCN 11N25068),https://www.governmentjobs.com/jobs/4866436-0/fishery-biologist-3-pcn-11n25068,State of Alaska,"Soldotna, AK","Long Term Nonperm - $2,804.80 Biweekly",Fish & Wildlife,,60.4847228,-151.065349,,2804.8
Fishery Biologist 3 (Bristol Bay Inlet Research Biologist - PCN 111075),https://www.governmentjobs.com/jobs/4866357-0/fishery-biologist-3-bristol-bay-inlet-research-biologist-pcn-111075,State of Alaska,"Anchorage, AK","Full Time - $2,804.80 Biweekly",Fish & Wildlife,,61.2163129,-149.894852,,2804.8
Natural Resources Program Principal 2025-00637,https://www.governmentjobs.com/jobs/4864181-0/natural-resources-program-principal-2025-00637,State of Wyoming,"Sheridan, WY","Permanent Full-time - $6,171.35 - $6,857.05 Monthly",Natural Resources,,44.7947537,-106.8222688,6171.35,6857.05
Air Quality Assurance Program Principal 2025-00636,https://www.governmentjobs.com/jobs/4864127-0/air-quality-assurance-program-principal-2025-00636,State of Wyoming,"Cheyenne, WY","Permanent Full-time - $6,171.35 - $6,857.05 Monthly",Environmental,,41.139981,-104.820246,6171.35,6857.05
Natural Resource Specialist II - (Water Chemistry/Bacterial Lead),https://www.governmentjobs.com/jobs/4857392-0/natural-resource-specialist-ii-water-chemistry-bacterial-lead,Baltimore County,"Towson, MD","MERIT - $60,127.00 - $68,583.00 Annually",Water,,39.39645905,-76.6148148179099,60127,68583
Park & Recreation Ranger 9 (Bald Mountain Recreation Area),https://www.governmentjobs.com/jobs/4865912-0/park-recreation-ranger-9-bald-mountain-recreation-area,State of Michigan,"Lake Orion, MI",Permanent Full Time - $25.39 - $32.63 Hourly,Parks & Recreation,,42.7844752,-83.2396612,52811.2,67870.4
Assistant County Ranger,https://www.governmentjobs.com/jobs/4862374-0/assistant-county-ranger,State of North Carolina,"Franklin County, NC","Permanent Full-Time - $35,984.00 - $62,971.00 Annually",Parks & Recreation,,36.1028596,-78.2787229,35984,62971
"Forest Maintenance Worker (Seasonal) - Rothrock Forest District, Huntingdon County",https://www.governmentjobs.com/jobs/4861634-0/forest-maintenance-worker-seasonal-rothrock-forest-district-huntingdon-count,Commonwealth of Pennsylvania,"Huntingdon County, PA",Civil Service Seasonal Full-Time - $18.05 Hourly,Parks & Recreation,,40.3446332,-78.0281185,,37544
Assistant County Ranger,https://www.governmentjobs.com/jobs/4862314-0/assistant-county-ranger,State of North Carolina,"Wilson County, NC","Permanent Full-Time - $35,984.00 - $62,971.00 Annually",Parks & Recreation,,35.7059114,-77.9175714,35984,62971
Internship - Urban Forester Intern,https://www.governmentjobs.com/jobs/4871413-0/internship-urban-forester-intern,City of Hillsboro,"OR  97123, OR",Internship - $19.00 - $24.04 Hourly,Forestry,,44.572021,-122.070938,39520,50003.2
Air Quality Community Engagement and Communications Specialist - LIAISON III - HYBRID,https://www.governmentjobs.com/jobs/4856951-0/air-quality-community-engagement-and-communications-specialist-liaison-iii-hy,State of Colorado,"Denver, CO","Full Time - $4,809.00 - $7,695.00 Monthly",Environmental,,39.7392364,-104.984862,4809,7695
Environmental/Natural Resources Specialist III (Fisheries Biologist),https://www.governmentjobs.com/jobs/4868766-0/environmental-natural-resources-specialist-iii-fisheries-biologist,State of Mississippi,"83 - STATEWIDE, MS","Full-Time - $45,233.77 - $55,680.27 Annually",Fish & Wildlife,,32.741646,-89.678696,45233.77,55680.27
Environmental Health Intern,https://www.governmentjobs.com/jobs/4872863-0/environmental-health-intern,Rock County,"Janesville, WI",Intern - $16.21 Hourly,Environmental,,42.6829765,-89.0226793,,33716.8
Public Health Environmental Health Specialist I (Vacancy),https://www.governmentjobs.com/jobs/4870225-0/public-health-environmental-health-specialist-i-vacancy,Full-time - See Position Description,Varies by position,N/A,Environmental,,40.388783,-82.764915,,
Public Health Environmental Health Specialist-In-Training (Vacancy),https://www.governmentjobs.com/jobs/4870240-0/public-health-environmental-health-specialist-in-training-vacancy,Full-time - See Position Description,Varies by position,N/A,Environmental,,40.388783,-82.764915,,
Environmental Specialist,https://www.governmentjobs.com/jobs/4872025-0/environmental-specialist,Broward County,"Plantation, FL","Full-Time - $65,401.26 - $104,381.37 Annually",Environmental,,26.1275862,-80.2331036,65401.26,104381.37
Environmental Protection Compliance Specialist,https://www.governmentjobs.com/jobs/4866631-0/environmental-protection-compliance-specialist,Commonwealth of Pennsylvania,"Multi-County, PA","Civil Service Permanent Full-Time - $58,035.00 - $88,235.00 Annually",Environmental,,41.0034919,-76.4561688,58035,88235
Environmental Education Program Specialist Supervisor,https://www.governmentjobs.com/jobs/4827895-0/environmental-education-program-specialist-supervisor,Commonwealth of Pennsylvania,"Dauphin County, PA","Civil Service Permanent Full-Time - $66,250.00 - $100,636.00 Annually",Environmental,,40.398036,-76.8115168,66250,100636
Environmental Quality Analyst 12 - Onsite Wastewater Program Needs Assessment EQA,https://www.governmentjobs.com/jobs/4708293-0/environmental-quality-analyst-12-onsite-wastewater-program-needs-assessment-eqa,State of Michigan,"To Be Determined - TBD, MI",Limited Term (position has expiration date) - $30.54 - $44.52 Hourly,Water,,43.326618,-84.536095,63523.2,92601.6
Senior Environmental Technician,https://www.governmentjobs.com/jobs/120301-1/senior-environmental-technician,Gila River Indian Community,"Sacaton, AZ","Full-Time Regular - $51,874.00 - $77,874.00 Annually",Environmental,,33.086806,-111.758187691105,51874,77874
Environmental Specialist I/II,https://www.governmentjobs.com/jobs/4870355-0/environmental-specialist-i-ii,Sacramento Area Sewer District (CA),"Sacramento, CA","FULL TIME (NON-EXEMPT) - $62,108.80 - $75,504.00 Annually",Environmental,,38.5810606,-121.493895,62108.8,75504
Stormwater Environmental Manager,https://www.governmentjobs.com/jobs/4864053-0/stormwater-environmental-manager,State of Utah,"Multiple Locations, UT",Full Time - $34.13 - $57.18 Hourly,Water,,40.150032,-111.862434,70990.4,118934.4
Intern - Conservation,https://www.governmentjobs.com/jobs/4867937-0/intern-conservation,San Antonio Water System,"San Antonio, TX",Intern - $19.00 Hourly,Natural Resources,,29.4246002,-98.4951405,,39520
Director of Environmental Services,https://www.governmentjobs.com/jobs/4867659-0/director-of-environmental-services,City of Deerfield Beach,"Environmental Services, FL","Full-Time - $126,504.00 - $183,393.00 Annually",Environmental,,26.97801585,-82.0283768277477,126504,183393
"Environmental Supervisor, DMVA",https://www.governmentjobs.com/jobs/4864711-0/environmental-supervisor-dmva,Commonwealth of Pennsylvania,"Lebanon County, PA","Civil Service Permanent Full-Time - $66,250.00 - $100,636.00 Annually",Environmental,,40.375713,-76.4626118,66250,100636
Environmental Resources Specialist 2 - Office of Environmental Health Services - Kanawha Co.,https://www.governmentjobs.com/jobs/4869216-0/environmental-resources-specialist-2-office-of-environmental-health-services,West Virginia,"Kanawha County, WV","Full-Time Permanent - $41,194.00 - $71,789.00 Annually",Environmental,,38.3428208,-81.5089835,41194,71789
Forestry Fire Warden - Commerce - Forestry - Statewide,https://www.governmentjobs.com/jobs/4869069-0/forestry-fire-warden-commerce-forestry-statewide,West Virginia,"X Statewide - All Counties, WV","Full-Time Permanent - $34,247.00 - $58,936.00 Annually",Forestry,,38.491226,-80.954453,34247,58936
Environmental Program Specialist,https://www.governmentjobs.com/jobs/4869790-0/environmental-program-specialist,Pinal County,"AZ 85132, AZ","Full-Time - $42,564.00 - $65,974.00 Annually",Environmental,,33.729759,-111.431221,42564,65974
Environmental Scientist,https://www.governmentjobs.com/jobs/4865179-0/environmental-scientist,City of El Paso,"Various Locations within the City of El Paso, TX","Civil Service - $50,160.00 - $77,220.00 Annually",Environmental,,31.054487,-97.563461,50160,77220
Environmental Quality Undergraduate Internship,https://www.governmentjobs.com/jobs/4865185-0/environmental-quality-undergraduate-internship,City of Grand Prairie,"Grand Prairie, TX",Intern - $16.00 - $21.68 Hourly,Environmental,,32.7459645,-96.9977846,33280,45094.4
Public Health Undergraduate Internship - Vector Technician,https://www.governmentjobs.com/jobs/4865304-0/public-health-undergraduate-internship-vector-technician,City of Grand Prairie,"Grand Prairie, TX",Intern - $17.19 - $24.93 Hourly,Environmental,,32.7459645,-96.9977846,35755.2,51854.4
Environmental Health Specialist II,https://www.governmentjobs.com/jobs/4869691-0/environmental-health-specialist-ii,City of Frisco,"Frisco, TX","Full Time - $56,803.24 - $82,364.88 Annually",Environmental,,33.1505998,-96.8238183,56803.24,82364.88
Environmental Specialist I--Temporary Solutions,https://www.governmentjobs.com/jobs/4868673-0/environmental-specialist-i-temporary-solutions,State of North Carolina,"Wake County, NC",Temporary Full-Time - $22.07 - $27.00 Hourly,Environmental,,35.7979355,-78.6118311,45905.6,56160
Environmental Specialist II,https://www.governmentjobs.com/jobs/4868811-0/environmental-specialist-ii,State of North Carolina,"Regional, NC","Permanent Full-Time - $50,633.00 - $88,607.00 Annually",Environmental,,35.630066,-79.806419,50633,88607
Outdoor Recreation Specialist,https://www.governmentjobs.com/jobs/4845227-0/outdoor-recreation-specialist,State of North Carolina,"Wake County, NC","Temporary Full-Time - $35,360.00 - $47,840.00 Annually",Parks & Recreation,,35.7979355,-78.6118311,35360,47840
Environmental Projects Construction Inspector,https://www.governmentjobs.com/jobs/4863943-0/environmental-projects-construction-inspector,Commonwealth of Pennsylvania,"Cambria County, PA","Civil Service Permanent Full-Time - $44,890.00 - $67,678.00 Annually",Environmental,,40.4843583,-78.718852,44890,67678
ENTOMOLOGIST IV - MAUI,https://www.governmentjobs.com/jobs/4866405-0/entomologist-iv-maui,Various - See Position Description,Island of Maui,N/A,Fish & Wildlife,,20.7138392962598,-156.240971360797,,
Environmental Health Specialist Supervisor I/II,https://www.governmentjobs.com/jobs/4868088-0/environmental-health-specialist-supervisor-i-ii,County of Lake,"Lake County, CA","Full Time - Open to all applicants - $76,273.60 - $97,406.40 Annually",Environmental,,39.0505411,-122.7776556,76273.6,97406.4
Microbiologist 2,https://www.governmentjobs.com/jobs/4862328-0/microbiologist-2,Commonwealth of Pennsylvania,"Dauphin County, PA","Civil Service Permanent Full-Time - $58,035.00 - $88,235.00 Annually",GIS,,40.398036,-76.8115168,58035,88235
Environmental Program Supervisor II,https://www.governmentjobs.com/jobs/4865992-0/environmental-program-supervisor-ii,State of North Carolina,"Wake County, NC","Permanent Full-Time - $67,852.00 - $118,741.00 Annually",Environmental,,35.7979355,-78.6118311,67852,118741
Environmental Inspector in Training - Environmental Protection - See Posting,https://www.governmentjobs.com/jobs/4866516-0/environmental-inspector-in-training-environmental-protection-see-posting,West Virginia,"- See Posting., WV","Full-Time Permanent - $39,461.00 - $68,582.00 Annually",Environmental,,38.491226,-80.954453,39461,68582
Aquatic Biologist 1,https://www.governmentjobs.com/jobs/4863828-0/aquatic-biologist-1,Commonwealth of Pennsylvania,"Dauphin County, PA",Civil Service Limited Term Full-Time - $25.99 Hourly,Fish & Wildlife,,40.398036,-76.8115168,,54059.2
Water Quality Analyst (Natural Resource Specialist 3),https://www.governmentjobs.com/jobs/119996-1/water-quality-analyst-natural-resource-specialist-3,Oregon Department of Environmental Quality,"Portland, OR","Full-Time Permanent - $5,320.00 - $8,141.00 Monthly",Water,,45.5202471,-122.674194,5320,8141
Environmental Intern,https://www.governmentjobs.com/jobs/4866269-0/environmental-intern,Port of Tacoma,"Tacoma, WA",Intern/ No Benefits - $20.00 Hourly,Environmental,,47.2455013,-122.438329,,41600
Natural Resources Program Principal 2025-00639,https://www.governmentjobs.com/jobs/4864206-0/natural-resources-program-principal-2025-00639,State of Wyoming,"Cheyenne, WY","Permanent Full-time - $6,171.35 - $6,857.05 Monthly",Natural Resources,,41.139981,-104.820246,6171.35,6857.05
Environmental Compliance Specialist,https://www.governmentjobs.com/jobs/4863394-0/environmental-compliance-specialist,City of Irving,"City of Irving, TX","Technical - $54,768.00 - $77,208.00 Annually",Environmental,,32.8295183,-96.9442177,54768,77208
Environmental Planning and Compliance Analyst-Water Resource Planning,https://www.governmentjobs.com/jobs/4864933-0/environmental-planning-and-compliance-analyst-water-resource-planning,City of Durham,"Durham, NC","Full time with benefits - $65,749.00 - $101,920.00 Annually",Water,,35.996653,-78.9018053,65749,101920
"Environmental Health Specialist 1, 2, or 3",https://www.governmentjobs.com/jobs/4865888-0/environmental-health-specialist-1-2-or-3,Full Time Salaried - See Position Description,"Carrollton, GA",N/A,Environmental,,33.5801103,-85.0766113,,
Assistant County Ranger,https://www.governmentjobs.com/jobs/4864043-0/assistant-county-ranger,State of North Carolina,"Gates County, NC","Permanent Full-Time - $35,984.00 - $62,971.00 Annually",Parks & Recreation,,36.4412509,-76.6944133,35984,62971
Environmental Compliance Specialist,https://www.governmentjobs.com/jobs/4865204-0/environmental-compliance-specialist,Prince William County Government,"Prince William County, VA",Full-Time (FT) - $25.44 - $48.52 Hourly,Environmental,,38.7389846,-77.5536743,52915.2,100921.6
Air Quality Program Specialist,https://www.governmentjobs.com/jobs/4859287-0/air-quality-program-specialist,Commonwealth of Pennsylvania,"Dauphin County, PA","Civil Service Permanent Full-Time - $66,250.00 - $100,636.00 Annually",Environmental,,40.398036,-76.8115168,66250,100636
Assistant Environmental Engineer or Environmental Engineer,https://www.governmentjobs.com/jobs/119895-1/assistant-environmental-engineer-or-environmental-engineer,ACHD,"Garden City, ID","Full-Time - $69,472.00 - $89,440.00 Annually",Environmental,,43.622111,-116.238178,69472,89440
"Urban Forestry Engagement Specialist, Natural Resource Specialist 4 (NRS4)",https://www.governmentjobs.com/jobs/4868871-0/urban-forestry-engagement-specialist-natural-resource-specialist-4-nrs4,State of Washington,"Thurston County – Olympia, WA","Full Time - Permanent - $62,892.00 - $84,516.00 Annually",Forestry,,47.400902,-121.490494,62892,84516
Fish and Wildlife Technician (Research Technician) Underfill Option,https://oregon.wd5.myworkdayjobs.com/en-US/SOR_External_Career_Site/job/John-Day--ODFW/Fish-and-Wildlife-Technician--Research-Technician--Underfill-Option_REQ-176947,ODFW,"John Day, OR",$3705 - $5066,Fish & Wildlife,,44.4158398,-118.953431,3705,5066
Park Ranger 1 - Clyde Holliday/Sumpter Valley Dredge,https://oregon.wd5.myworkdayjobs.com/en-US/SOR_External_Career_Site/job/Mount-Vernon--OPRD--Mountain-Region---Eastern-District---MU-Clyde-Holliday/Park-Ranger-1---Clyde-Holliday-Sumpter-Valley-Dredge_REQ-175698,OPRD,"Mount Vernon, OR","$4,023 - $5,312",Parks & Recreation,,44.4175739,-119.114159,4023,5312
Seasonal Park Ranger Assistant - Cove Palisades,https://oregon.wd5.myworkdayjobs.com/en-US/SOR_External_Career_Site/job/Culver--OPRD--Mountain-Region---North-Central-District---MU-The-Cove-Palisades/Seasonal-Park-Ranger-Assistant---Cove-Palisades_REQ-173940,OPRD,"Culver, OR","$3,429 - $4,023",Parks & Recreation,,44.5255448,-121.213085,3429,4023
Seasonal Park Ranger Assistant (Bullards Beach / Cape Blanco),https://oregon.wd5.myworkdayjobs.com/en-US/SOR_External_Career_Site/job/Bandon--OPRD--Coast-Region---South-Coast-District---MU-Bullards-Beach/Seasonal-Park-Ranger-Assistant--Bullards-Beach---Cape-Blanco-_REQ-176190,N/A,"2 Locations, OR","$3,429 - $4,023",Parks & Recreation,,44.572021,-122.070938,3429,4023
Fish and Wildlife Technician (Fish Screening Technician) _Underfill option,https://oregon.wd5.myworkdayjobs.com/en-US/SOR_External_Career_Site/job/Central-Point--ODFW--Rogue-Watershed-District-Office/Fish-and-Wildlife-Technician--Fish-Screening-Technician---Underfill-option_REQ-176882,ODFW,"Central Point, OR","$3,705 - $5,066",Fish & Wildlife,,42.376782,-122.912721,3705,5066
Natural Resource Specialist 2 (Willamette Wildlife Mitigation Project Biologist ),https://oregon.wd5.myworkdayjobs.com/en-US/SOR_External_Career_Site/job/Portland--ODFW--Sauvie-Island-Wildlife-Area/Natural-Resource-Specialist-2--Willamette-Wildlife-Mitigation-Project-Biologist--_REQ-175889,ODFW,"Portland, OR","$4,622 - $7,070",Fish & Wildlife,,45.5202471,-122.674194,4622,7070
Park Ranger 1 - Interpretation,https://oregon.wd5.myworkdayjobs.com/en-US/SOR_External_Career_Site/job/Mount-Vernon--OPRD--Mountain-Region---Eastern-District---MU-Clyde-Holliday/Park-Ranger-1---Interpretation_REQ-175555,OPRD,"Mount Vernon, OR","$4,023 - $5,312",Parks & Recreation,,44.4175739,-119.114159,4023,5312
Natural Resource Specialist 4 (Shellfish Program Leader),https://oregon.wd5.myworkdayjobs.com/en-US/SOR_External_Career_Site/job/Newport--ODFW/Natural-Resource-Specialist-4--Shellfish-Program-Leader-_REQ-176810,ODFW,"Newport, OR","$6,667 - $9,830",Fish & Wildlife,,44.636755,-124.053442,6667,9830
Portland Legal Support Manager (Legal Support Services Supervisor 1),https://oregon.wd5.myworkdayjobs.com/en-US/SOR_External_Career_Site/job/Portland--DOJ--Legal/Portland-Legal-Support-Manager--Legal-Support-Services-Supervisor-1-_REQ-176683,DOJ,"Portland, OR","$4,749 - $7,353",Natural Resources,,45.5202471,-122.674194,4749,7353
Seasonal Park Ranger Assistant - Champoeg,https://oregon.wd5.myworkdayjobs.com/en-US/SOR_External_Career_Site/job/Saint-Paul--OPRD--Valleys-Region---Columbia-District---MU-Champoeg/Seasonal-Park-Ranger-Assistant---Champoeg_REQ-175700,N/A,"2 Locations, OR","$3,429 - $4,023",Parks & Recreation,,44.572021,-122.070938,3429,4023
Biological Science Assistant (Leaburg Fish Sorter)  Hiring Two Positions,https://oregon.wd5.myworkdayjobs.com/en-US/SOR_External_Career_Site/job/Leaburg--ODFW--Hatchery/Biological-Science-Assistant--Leaburg-Fish-Sorter---Hiring-Two-Positions_REQ-176704,N/A,"2 Locations, OR","$3,429 - $4,023",Fish & Wildlife,,44.572021,-122.070938,3429,4023
Wildland Fire Suppression Specialist - Grants Pass,https://oregon.wd5.myworkdayjobs.com/en-US/SOR_External_Career_Site/job/Grants-Pass--ODF/Wildland-Fire-Suppression-Specialist---Grants-Pass_REQ-171899,ODF,"Grants Pass, OR",Not Specified,Forestry,,42.4393707,-123.3272489,,
Wildland Fire Dispatcher - Grants Pass,https://oregon.wd5.myworkdayjobs.com/en-US/SOR_External_Career_Site/job/Grants-Pass--ODF/Wildland-Fire-Dispatcher---Grants-Pass_REQ-172623,ODF,"Grants Pass, OR","$3,698.00 - $5,057.00",Forestry,,42.4393707,-123.3272489,3698,5057
Wildland Fire Suppression Specialist - Medford,https://oregon.wd5.myworkdayjobs.com/en-US/SOR_External_Career_Site/job/Central-Point--ODF/Wildland-Fire-Suppression-Specialist---Medford_REQ-171893,N/A,"2 Locations, OR",Not Specified,Forestry,,44.572021,-122.070938,,
Low-Carbon Fuels Market Analyst (Natural Resource Specialist 4),https://oregon.wd5.myworkdayjobs.com/en-US/SOR_External_Career_Site/job/Portland--DEQ--Multnomah-Street/Low-Carbon-Fuels-Market-Analyst--Natural-Resource-Specialist-4-_REQ-176597,DEQ,"Portland, OR","$6,122 - $9,409",Natural Resources,,45.5202471,-122.674194,6122,9409
Fish and Wildlife Technician (Aquatic Invasive Species Technician) Underfill Option,https://oregon.wd5.myworkdayjobs.com/en-US/SOR_External_Career_Site/job/Brookings--ODFW/Fish-and-Wildlife-Technician--Aquatic-Invasive-Species-Technician--Underfill-Option_REQ-176735,ODFW,"Brookings, OR","$3,705 - $5,066",Fish & Wildlife,,42.0521298,-124.2832868,3705,5066
Park Ranger 2 - Farewell Bend,https://oregon.wd5.myworkdayjobs.com/en-US/SOR_External_Career_Site/job/Huntington--OPRD--Mountain-Region---Eastern-District---MU-Farewell/Park-Ranger-2---Farewell-Bend_REQ-176459,OPRD,"Huntington, OR","$4,207 - $5,842",Parks & Recreation,,44.3511565,-117.2663408,4207,5842
Park Ranger 2 - Valley of the Rogue,https://oregon.wd5.myworkdayjobs.com/en-US/SOR_External_Career_Site/job/Gold-Hill--OPRD--Mountain-Region---South-Central-District---MU-Valley-of-the-Rogue/Park-Ranger-2---Valley-of-the-Rogue_REQ-176031,OPRD,"Gold Hill, OR","$4,207 - $5,842",Parks & Recreation,,42.431785,-123.050601,4207,5842
Natural Resource Specialist 3 (Water Planning Coordinator),https://oregon.wd5.myworkdayjobs.com/en-US/SOR_External_Career_Site/job/Salem--ODFW--Headquarters/Natural-Resource-Specialist-3--Water-Planning-Coordinator-_REQ-176091,ODFW,"Salem, OR","$5,325 - $8,148",Water,,44.9391565,-123.033121,5325,8148
Water Quality Permit Compliance Analyst (Program Analyst 1),https://oregon.wd5.myworkdayjobs.com/en-US/SOR_External_Career_Site/job/Portland--DEQ--Multnomah-Street/Water-Quality-Permit-Compliance-Analyst--Program-Analyst-1-_REQ-176015,DEQ,"Portland, OR","$4,409 - $6,732",Water,,45.5202471,-122.674194,4409,6732
Seasonal Park Ranger Assistant - State Capitol & Willamette Mission State Parks,https://oregon.wd5.myworkdayjobs.com/en-US/SOR_External_Career_Site/job/Salem--OPRD--Valleys-Region---Willamette-District---MU-State-Capital-State-Park/Seasonal-Park-Ranger-Assistant---State-Capitol---Willamette-Mission-State-Parks_REQ-176599,OPRD,"Salem, OR","$3,429 - $4,023",Parks & Recreation,,44.9391565,-123.033121,3429,4023
Water Quality Analyst (Natural Resource Specialist 3),https://oregon.wd5.myworkdayjobs.com/en-US/SOR_External_Career_Site/job/Portland--DEQ--Multnomah-Street/Water-Quality-Analyst--Natural-Resource-Specialist-3-_REQ-171912,DEQ,"Portland, OR","$5,320 - $8,141",Water,,45.5202471,-122.674194,5320,8141
Seasonal Park Ranger Assistant - Fort Stevens State Park,https://oregon.wd5.myworkdayjobs.com/en-US/SOR_External_Career_Site/job/Hammond--OPRD--Coast-Region---North-Coast-District---MU-Fort-Stevens/Seasonal-Park-Ranger-Assistant---Fort-Stevens-State-Park_REQ-176205,OPRD,"Hammond, OR","$3,429 - $4,023",Parks & Recreation,,46.2001569,-123.951541,3429,4023
Seasonal Park Ranger Assistant (Tryon Creek),https://oregon.wd5.myworkdayjobs.com/en-US/SOR_External_Career_Site/job/Portland--OPRD--Valleys-Region---Columbia-District---MU-Tryon-Creek/Seasonal-Park-Ranger-Assistant--Tryon-Creek-_REQ-176184,OPRD,"Portland, OR","$3,429 - $4,023",Parks & Recreation,,45.5202471,-122.674194,3429,4023
Seasonal Park Ranger Assistant (Prineville Reservoir),https://oregon.wd5.myworkdayjobs.com/en-US/SOR_External_Career_Site/job/Prineville--OPRD--Mountain-Region---North-Central-District---MU-Prineville-Reservoir/Seasonal-Park-Ranger-Assistant--Prineville-Reservoir-_REQ-176483,OPRD,"Prineville, OR","$3,429 - $4,023",Parks & Recreation,,44.2998261,-120.834972,3429,4023
Natural Resource Specialist 2 - Museum Curator,https://oregon.wd5.myworkdayjobs.com/en-US/SOR_External_Career_Site/job/Mount-Vernon--OPRD--Mountain-Region---Eastern-District---MU-Clyde-Holliday/Natural-Resource-Specialist-2---Museum-Curator_REQ-175793,OPRD,"Mount Vernon, OR","$4,622 - $7,070",Natural Resources,,44.4175739,-119.114159,4622,7070
Biological Science Assistant (Diamond Lake Seine) Hiring Two Temporary Positions,https://oregon.wd5.myworkdayjobs.com/en-US/SOR_External_Career_Site/job/Roseburg--ODFW/Biological-Science-Assistant--Diamond-Lake-Seine--Hiring-Two-Temporary-Positions_REQ-176423,ODFW,"Roseburg, OR","$3,429 - $4,023",Natural Resources,,43.216505,-123.3417381,3429,4023
Water Quality Compliance Program Manager,https://oregon.wd5.myworkdayjobs.com/en-US/SOR_External_Career_Site/job/Salem--ODA--Headquarters-Office/Water-Quality-Compliance-Program-Manager_REQ-176425,ODA,"Salem, OR","$6,667 - $10,311",Water,,44.9391565,-123.033121,6667,10311
Seasonal Park Ranger Assistant (Milo McIver),https://oregon.wd5.myworkdayjobs.com/en-US/SOR_External_Career_Site/job/Estacada--OPRD--Valleys-Region---Columbia-District---MU-Milo-McIver/Seasonal-Park-Ranger-Assistant--Milo-McIver-_REQ-176181,OPRD,"Estacada, OR","$3,429 - $4,023",Parks & Recreation,,45.2864689,-122.334259,3429,4023
Temporary Naturalist,https://son.wd1.myworkdayjobs.com/en-US/NebraskaStateCareers/job/Gering-NE/Temporary-Naturalist_JR2025-00014461,N/A,"Gering, NE",N/A,Natural Resources,,41.8226927,-103.66037,,
Environmental Quality Program Specialist III- Drinking Water Field Services,https://son.wd1.myworkdayjobs.com/en-US/NebraskaStateCareers/job/Fallbrook-Office-Building---Lincoln/Environmental-Quality-Program-Specialist-III--Drinking-Water-Field-Services_JR2025-00014291,N/A,Fallbrook Office Building - Lincoln,N/A,Water,,40.8088861,-96.7077751,,
SOS Vector Surveillance Technicians- Public Health,https://son.wd1.myworkdayjobs.com/en-US/NebraskaStateCareers/job/Lincoln-NE/SOS-Vector-Surveillance-Technicians--Public-Health_JR2025-00013491,N/A,"Lincoln, NE",N/A,Natural Resources,,40.8088861,-96.7077751,,
SOS Environmental Health Scientist I,https://son.wd1.myworkdayjobs.com/en-US/NebraskaStateCareers/job/Lincoln-NE/SOS-Environmental-Health-Scientist-I_JR2025-00014198,N/A,"Lincoln, NE",N/A,Environmental,,40.8088861,-96.7077751,,
Customer Service Supervisor at Lake Wister,https://okgov.wd1.myworkdayjobs.com/en-US/okgovjobs/job/Le-Flore-County/Customer-Service-Supervisor-at-Lake-Wister_JR43104,N/A,Le Flore County,N/A,Natural Resources,,35.0380074030284,-94.7622656480933,,
Park Ranger at Foss State Park,https://okgov.wd1.myworkdayjobs.com/en-US/okgovjobs/job/Custer-County/Park-Ranger-at-Foss-State-Park_JR43099,N/A,Custer County,N/A,Parks & Recreation,,35.6210550835376,-99.0001671366266,,
Environmental Programs Manager,https://okgov.wd1.myworkdayjobs.com/en-US/okgovjobs/job/Oklahoma-County/Environmental-Programs-Manager_JR42888,N/A,Oklahoma County,N/A,Environmental,,35.7453812387143,-97.8410718856187,,
Conservation Technician I-III - #031325-MGCA01-200100,https://www.jobapscloud.com/DE/sup/BulPreview.asp?R1=031325&R2=MGCA01&R3=200100,N/A,"Bear, DE","I-Yearly: $33,084.00; II-Yearly: $35,490.00; III-Yearly:$37,764.00",Natural Resources,N/A,39.6185861,-75.6795539410993,33084,37764
Engineer II - Environmental - #031325-MFBC02-400400,https://www.jobapscloud.com/DE/sup/BulPreview.asp?R1=031325&R2=MFBC02&R3=400400,N/A,"Dover, DE","Yearly: $68,896.72",Environmental,N/A,39.158168,-75.5243682,,68896.72
Environmental Program Manager II - Game Species/Wildlife Damage - #031225-MGCD02-400300,https://www.jobapscloud.com/DE/sup/BulPreview.asp?R1=031225&R2=MGCD02&R3=400300,N/A,"Smyrna, DE","Yearly: $62,483.00/Min - $78,104.00/Mid",Fish & Wildlife,N/A,39.2998339,-75.6046494,62483,78104
Environmental Scientist V - Groundwater - #031225-MGBE06-400400,https://www.jobapscloud.com/DE/sup/BulPreview.asp?R1=031225&R2=MGBE06&R3=400400,N/A,"Dover, DE","Yearly: $70,750.00/Min - $88,438.00/Mid",Water,N/A,39.158168,-75.5243682,70750,88438
Environmental Scientist II - Ambient Air Monitoring - #022825-MGBE02-400400,https://www.jobapscloud.com/DE/sup/BulPreview.asp?R1=022825&R2=MGBE02&R3=400400,N/A,"New Castle, DE","Yearly: $45,798.00/Min",Environmental,N/A,39.6159851,-75.662956,,45798
Conservation Technician I - #022725-MGCA01-650100,https://www.jobapscloud.com/DE/sup/BulPreview.asp?R1=022725&R2=MGCA01&R3=650100,N/A,"Smyrna, DE","Yearly: $33,084.00",Natural Resources,N/A,39.2998339,-75.6046494,,33084
Fish and Wildlife Regional Manager - #022725-MGCZ02-400300,https://www.jobapscloud.com/DE/sup/BulPreview.asp?R1=022725&R2=MGCZ02&R3=400300,N/A,"Port Penn, DE","Yearly: $58,719.00/Min",Fish & Wildlife,N/A,39.5176085,-75.5826755487525,,58719
Conservation Technician III - #021325-MGCA03-100200,https://www.jobapscloud.com/DE/sup/BulPreview.asp?R1=021325&R2=MGCA03&R3=100200,N/A,"Georgetown, DE","Yearly:  $37,764.00",Natural Resources,N/A,38.6900507,-75.3858753,,37764
Natural Resources Seasonal Police Officer - Fish & Wildlife - #021325-MXGC04-400300,https://www.jobapscloud.com/DE/sup/BulPreview.asp?R1=021325&R2=MXGC04&R3=400300,N/A,"Little Creek, DE",l $19.50/hour; ll - $20.75/hour,Fish & Wildlife,N/A,39.167057,-75.4482541,40560,43160
Youth Conservation Corps. (YCC) Team Member (All Delaware State Park Locations) - #020725-MXGC01-400300,https://www.jobapscloud.com/DE/sup/BulPreview.asp?R1=020725&R2=MXGC01&R3=400300,N/A,"Lewes, DE",$15.00/hour,Parks & Recreation,N/A,38.7733961,-75.1379574,,31200
Cape Henlopen Multiple Naturalists Positions - #020525-MXGC06-400300,https://www.jobapscloud.com/DE/sup/BulPreview.asp?R1=020525&R2=MXGC06&R3=400300,N/A,"Lewes, DE",$16.75/hour - $17.00/hour,Natural Resources,N/A,38.7733961,-75.1379574,34840,35360
Lums Pond State Park Naturalist Positions - #013025-MXGC06-400300,https://www.jobapscloud.com/DE/sup/BulPreview.asp?R1=013025&R2=MXGC06&R3=400300,N/A,"Bear, DE",$15.75/hour - $18.00/hour,Parks & Recreation,N/A,39.6185861,-75.6795539410993,32760,37440
Correctional Officer/Physical Plant Maintenance Master Electrician - #011525-UCCH09-380400,https://www.jobapscloud.com/DE/sup/BulPreview.asp?R1=011525&R2=UCCH09&R3=380400,N/A,"Wilmington, DE","Yearly: $73,926.00",Parks & Recreation,N/A,39.7459468,-75.546589,,73926
Environmental Control Technician II - Biological Aide III-Fisheries - #011725-MGCC02-400300,https://www.jobapscloud.com/DE/sup/BulPreview.asp?R1=011725&R2=MGCC02&R3=400300,N/A,"Dover, DE",$16.18/hour,Fish & Wildlife,N/A,39.158168,-75.5243682,,33654.4
Natural Resources Seasonal Police Officer - Cape & Seashore - #011625-MXGC04-400309,https://www.jobapscloud.com/DE/sup/BulPreview.asp?R1=011625&R2=MXGC04&R3=400309,N/A,"Lewes, DE",$20.00/hour,Natural Resources,N/A,38.7733961,-75.1379574,,41600
Natural Resources Seasonal Police Officer - New Castle County - #011625-MXGC04-400301,https://www.jobapscloud.com/DE/sup/BulPreview.asp?R1=011625&R2=MXGC04&R3=400301,N/A,"Bear, DE",$20.00/hour,Natural Resources,N/A,39.6185861,-75.6795539410993,,41600
Physical Plant Maintenance Supervisor - #122024-MCCK06-100200,https://www.jobapscloud.com/DE/sup/BulPreview.asp?R1=122024&R2=MCCK06&R3=100200,N/A,"Wilmington, DE","Yearly: $49,570.29",Parks & Recreation,N/A,39.7459468,-75.546589,,49570.29
Physical Plant Maintenance/Trades Technician - #120924-UCCK09-100200,https://www.jobapscloud.com/DE/sup/BulPreview.asp?R1=120924&R2=UCCK09&R3=100200,N/A,"Wilmington, DE","Yearly: $44,186.74",Parks & Recreation,N/A,39.7459468,-75.546589,,44186.74
Aquatic Resources Educational Center Naturalist II - #121324-MXGC06-400300,https://www.jobapscloud.com/DE/sup/BulPreview.asp?R1=121324&R2=MXGC06&R3=400300,N/A,"Smyrna, DE",$15.00/hour,Natural Resources,N/A,39.2998339,-75.6046494,,31200
Wildlife Biological Aide II - Herpetology - #120424-MXGB01-400300,https://www.jobapscloud.com/DE/sup/BulPreview.asp?R1=120424&R2=MXGB01&R3=400300,N/A,"Smyrna, DE",$14.01/hour,Fish & Wildlife,N/A,39.2998339,-75.6046494,,29140.8
Department of Energy and Environmental Protection (Board & Council Members) - #250224-1234DP-BCM,https://www.jobapscloud.com/CT/sup/BulPreview.asp?R1=250224&R2=1234DP&R3=BCM,N/A,CT,--,Environmental,2/26/2025,41.597782,-72.755371,,
Shenipsit State Forest - #241209-3492VR-002,https://www.jobapscloud.com/CT/sup/BulPreview.asp?R1=241209&R2=3492VR&R3=002,N/A,CT,$16.35 - $20.00/hour,Forestry,1/15/2025 8:30:00 AM,41.597782,-72.755371,34008,41600
Long Island Sound Study & Marine Fisheries Program Translation - #241226-3492VR-002,https://www.jobapscloud.com/CT/sup/BulPreview.asp?R1=241226&R2=3492VR&R3=002,N/A,CT,$16.35 - $20.00/hour,Fish & Wildlife,1/10/2025 10:15:00 AM,41.597782,-72.755371,34008,41600
Fisheries - Aquatic Invasive Species - #241219-3492VR-001,https://www.jobapscloud.com/CT/sup/BulPreview.asp?R1=241219&R2=3492VR&R3=001,N/A,CT,$16.00 - $20.00,Fish & Wildlife,1/9/2025 12:34:00 PM,41.597782,-72.755371,16,20
Kellogg Environmental Center & Osborne Homestead Museum - #241220-3492VR-003,https://www.jobapscloud.com/CT/sup/BulPreview.asp?R1=241220&R2=3492VR&R3=003,N/A,CT,$16.35 - $20.00/hour,Environmental,1/8/2025 4:23:00 PM,41.597782,-72.755371,34008,41600
Inland Ambient Monitoring Program - #241230-3492VR-002,https://www.jobapscloud.com/CT/sup/BulPreview.asp?R1=241230&R2=3492VR&R3=002,N/A,CT,$16.35 - $20.00/hour,Natural Resources,1/7/2025 12:00:00 PM,41.597782,-72.755371,34008,41600
Wildlife Furbearer Program - #241219-3492VR-005,https://www.jobapscloud.com/CT/sup/BulPreview.asp?R1=241219&R2=3492VR&R3=005,N/A,CT,$16.00 - $20.00/hour,Fish & Wildlife,1/7/2025 12:00:00 PM,41.597782,-72.755371,33280,41600
Long Island Sound Monitoring Program - #241230-3492VR-001,https://www.jobapscloud.com/CT/sup/BulPreview.asp?R1=241230&R2=3492VR&R3=001,N/A,CT,$16.35 - $20.00/hour,Natural Resources,1/6/2025 3:35:00 PM,41.597782,-72.755371,34008,41600
Lake Waramaug State Park - #241209-3492VR-001,https://www.jobapscloud.com/CT/sup/BulPreview.asp?R1=241209&R2=3492VR&R3=001,N/A,CT,$16.35 - $20.00/hour,Parks & Recreation,12/30/2024 2:00:00 PM,41.597782,-72.755371,34008,41600
Western District Headquarters - Forestry Division - #241220-3492VR-001,https://www.jobapscloud.com/CT/sup/BulPreview.asp?R1=241220&R2=3492VR&R3=001,N/A,CT,$16.35 - $20.00/hour,Forestry,12/30/2024 1:40:00 PM,41.597782,-72.755371,34008,41600
Eastern District Headquarters - Forestry Division - #241220-3492VR-002,https://www.jobapscloud.com/CT/sup/BulPreview.asp?R1=241220&R2=3492VR&R3=002,N/A,CT,$16.35 - $20.00/hour,Forestry,12/30/2024 12:05:00 PM,41.597782,-72.755371,34008,41600
Marine Fisheries Program - #241226-3492VR-001,https://www.jobapscloud.com/CT/sup/BulPreview.asp?R1=241226&R2=3492VR&R3=001,N/A,CT,$16.35 - $20.00/hour,Fish & Wildlife,12/30/2024 12:00:00 PM,41.597782,-72.755371,34008,41600
Burlington State Fish Hatchery - #241211-3492VR-003,https://www.jobapscloud.com/CT/sup/BulPreview.asp?R1=241211&R2=3492VR&R3=003,N/A,CT,$16.35 - $20.00/hour,Fish & Wildlife,12/30/2024 11:45:00 AM,41.597782,-72.755371,34008,41600
Migratory Bird Program - #241219-3492VR-003,https://www.jobapscloud.com/CT/sup/BulPreview.asp?R1=241219&R2=3492VR&R3=003,N/A,CT,$16.35 - $20.00/hour,Fish & Wildlife,12/30/2024 11:45:00 AM,41.597782,-72.755371,34008,41600
Diadromous Inland Fisheries Program - #241219-3492VR-006,https://www.jobapscloud.com/CT/sup/BulPreview.asp?R1=241219&R2=3492VR&R3=006,N/A,CT,$16.35 - $20.00/hour,Fish & Wildlife,12/26/2024 3:05:00 PM,41.597782,-72.755371,34008,41600
Sherwood Island State Park - #241210-3492VR-001,https://www.jobapscloud.com/CT/sup/BulPreview.asp?R1=241210&R2=3492VR&R3=001,N/A,CT,$16.35 - $20.00/hour,Parks & Recreation,12/23/2024 3:27:00 PM,41.597782,-72.755371,34008,41600
Fisheries - HCE Program - #241219-3492VR-002,https://www.jobapscloud.com/CT/sup/BulPreview.asp?R1=241219&R2=3492VR&R3=002,N/A,CT,$16.35 - $20.00/hour,Fish & Wildlife,12/23/2024 2:30:00 PM,41.597782,-72.755371,34008,41600
Salmon River State Forest - #241210-3492VR-002,https://www.jobapscloud.com/CT/sup/BulPreview.asp?R1=241210&R2=3492VR&R3=002,N/A,CT,$16.35 - $20.00/hour,Forestry,12/23/2024 12:30:00 PM,41.597782,-72.755371,34008,41600
Salt Rock State Forest - #241203-3492VR-007,https://www.jobapscloud.com/CT/sup/BulPreview.asp?R1=241203&R2=3492VR&R3=007,N/A,CT,$16.35 - $20.00/hour,Forestry,12/23/2024 12:30:00 PM,41.597782,-72.755371,34008,41600
Kensington State Fish Hatchery - #241212-3492VR-001,https://www.jobapscloud.com/CT/sup/BulPreview.asp?R1=241212&R2=3492VR&R3=001,N/A,CT,$16.35 - $20.00/hour,Fish & Wildlife,12/20/2024 11:30:00 AM,41.597782,-72.755371,34008,41600
Fisheries Education Center - Killingworth - #241213-3492VR-001,https://www.jobapscloud.com/CT/sup/BulPreview.asp?R1=241213&R2=3492VR&R3=001,N/A,CT,$16.35 - $20.00/hour,Fish & Wildlife,12/17/2024 2:00:00 PM,41.597782,-72.755371,34008,41600
Topsmead State Forest/Black Rock State Park - #241203-3492VR-003,https://www.jobapscloud.com/CT/sup/BulPreview.asp?R1=241203&R2=3492VR&R3=003,N/A,CT,$16.35 - $20.00/hour,Parks & Recreation,12/16/2024 12:00:00 PM,41.597782,-72.755371,34008,41600
Quinebaug Valley Trout Hatchery - #241211-3492VR-002,https://www.jobapscloud.com/CT/sup/BulPreview.asp?R1=241211&R2=3492VR&R3=002,N/A,CT,$16.35 - $20.00/hour,Fish & Wildlife,12/11/2024 2:50:00 PM,41.597782,-72.755371,34008,41600
Candlewood Lake Pumpout Boat Operation - #241205-3492VR-006,https://www.jobapscloud.com/CT/sup/BulPreview.asp?R1=241205&R2=3492VR&R3=006,N/A,CT,$16.35 - $20.00/hour,Natural Resources,12/11/2024,41.597782,-72.755371,34008,41600
People State Forest - #241129-3492VR-005,https://www.jobapscloud.com/CT/sup/BulPreview.asp?R1=241129&R2=3492VR&R3=005,N/A,CT,$16.35 - $20.00/hour,Forestry,12/10/2024 4:00:00 PM,41.597782,-72.755371,34008,41600
Goodwin Conservation Education Center - #241202-3492VR-002,https://www.jobapscloud.com/CT/sup/BulPreview.asp?R1=241202&R2=3492VR&R3=002,N/A,CT,$16.35 - $20.00/hour,Natural Resources,12/9/2024 3:05:00 PM,41.597782,-72.755371,34008,41600
Pachaug State Forest - #241203-3492VR-002,https://www.jobapscloud.com/CT/sup/BulPreview.asp?R1=241203&R2=3492VR&R3=002,N/A,CT,$16.35 - $20.00/hour,Forestry,12/9/2024 2:40:00 PM,41.597782,-72.755371,34008,41600
Wildlife Division - #241129-3492VR-001,https://www.jobapscloud.com/CT/sup/BulPreview.asp?R1=241129&R2=3492VR&R3=001,N/A,CT,$16.35 - $20.00/hour,Fish & Wildlife,12/6/2024 3:10:00 PM,41.597782,-72.755371,34008,41600
SEASONAL HOURLY (Natural Resource Technician II) - #25-002293-0016,https://www.jobapscloud.com/MD/sup/BulPreview.asp?R1=25&R2=002293&R3=0016,DNR - Fisheries Service,MD,$18.98/hour,Natural Resources,3/14/2025 11:59:00 PM,39.063946,-76.802101,,39478.4
GEOSPATIAL APPLICATION DEVELOPER (ADMINISTRATOR IV) - #25-002589-0004,https://www.jobapscloud.com/MD/sup/BulPreview.asp?R1=25&R2=002589&R3=0004,MDP Local Planning Assistance,MD,"$73,957.00 - $94,701.00/year with progression to $119,492.00/year",GIS,3/10/2025 11:59:00 PM,39.063946,-76.802101,73957,119492
SEASONAL NATURAL RESOURCES TECHNICIAN III (Ecology/Botany Field Surveys) - #25-002293-0010,https://www.jobapscloud.com/MD/sup/BulPreview.asp?R1=25&R2=002293&R3=0010,DNR - Wildlife and Heritage Service,MD,$20.16 - $22.04/hour,Natural Resources,2/24/2025 11:59:00 PM,39.063946,-76.802101,41932.8,45843.2
Seasonal Hourly Shift - Cunningham Falls State Park (Lifeguard Lake/Pool) - #25-002292-0005,https://www.jobapscloud.com/MD/sup/BulPreview.asp?R1=25&R2=002292&R3=0005,DNR - Maryland Park Service - State Wide Operation,MD,$17.33+/hour,Parks & Recreation,1/14/2025 11:59:00 PM,39.063946,-76.802101,,36046.4
Seasonal Hourly Shift - Dans Mountain State Park (Lifeguard Lake/Pool) - #25-002292-0008,https://www.jobapscloud.com/MD/sup/BulPreview.asp?R1=25&R2=002292&R3=0008,DNR - Maryland Park Service - State Wide Operation,MD,$17.33+/hour,Parks & Recreation,1/14/2025 4:00:00 PM,39.063946,-76.802101,,36046.4
Seasonal Hourly Shift - Deep Creek Lake State Park (Lifeguard Lake/Pool) - #25-002292-0012,https://www.jobapscloud.com/MD/sup/BulPreview.asp?R1=25&R2=002292&R3=0012,DNR - Maryland Park Service - State Wide Operation,MD,$17.33+/hour,Parks & Recreation,1/14/2025 4:00:00 PM,39.063946,-76.802101,,36046.4
Seasonal Hourly Shift - Greenbrier State Park (Lifeguard Lake/Pool) - #25-002292-0017,https://www.jobapscloud.com/MD/sup/BulPreview.asp?R1=25&R2=002292&R3=0017,DNR - Maryland Park Service - State Wide Operation,MD,$17.33+/hour,Parks & Recreation,1/14/2025 4:00:00 PM,39.063946,-76.802101,,36046.4
Seasonal Hourly Shift - Herrington Manor State Park (Lifeguard Lake/Pool) - #25-002292-0022,https://www.jobapscloud.com/MD/sup/BulPreview.asp?R1=25&R2=002292&R3=0022,DNR - Maryland Park Service - State Wide Operation,MD,$17.33+/hour,Parks & Recreation,1/14/2025 4:00:00 PM,39.063946,-76.802101,,36046.4
Seasonal Hourly Shift - New Germany State Park (Lifeguard Lake/Pool) - #25-002292-0025,https://www.jobapscloud.com/MD/sup/BulPreview.asp?R1=25&R2=002292&R3=0025,DNR - Maryland Park Service - State Wide Operation,MD,$17.33+/hour,Parks & Recreation,1/14/2025 4:00:00 PM,39.063946,-76.802101,,36046.4
Seasonal Hourly Shift - Pocomoke River State Park (Lifeguard Lake/Pool) - #25-002292-0029,https://www.jobapscloud.com/MD/sup/BulPreview.asp?R1=25&R2=002292&R3=0029,DNR - Maryland Park Service - State Wide Operation,MD,$17.33+/hour,Parks & Recreation,1/14/2025 4:00:00 PM,39.063946,-76.802101,,36046.4
Seasonal Hourly Shift - Rocky Gap State Park (Lifeguard Lake/Pool) - #25-002292-0034,https://www.jobapscloud.com/MD/sup/BulPreview.asp?R1=25&R2=002292&R3=0034,DNR - Maryland Park Service - State Wide Operation,MD,$17.33+/hour,Parks & Recreation,1/14/2025 4:00:00 PM,39.063946,-76.802101,,36046.4
PLANNER LEAD/ADVANCED **REPOST** (Natural Resources and Working Lands Analyst) - #24-001274-0005,https://www.jobapscloud.com/MD/sup/BulPreview.asp?R1=24&R2=001274&R3=0005,MDP Local Planning Assistance,MD,"$69,323.00 - $112,044.00/year",Natural Resources,8/12/2024 9:30:00 AM,39.063946,-76.802101,69323,112044
ENVIRONMENTAL HEALTH SPECIALIST TRAINEE - #18-002428-0004,https://www.jobapscloud.com/MD/sup/BulPreview.asp?R1=18&R2=002428&R3=0004,Maryland Department of Health,MD,"$57,275.00 - $92,108.00/year",Environmental,8/8/2019 11:05:00 AM,39.063946,-76.802101,57275,92108
