Job Title,Job Link,Agency,Location,Pay,Section,latitude,longitude,google_maps_url,MinAnnualSalary,MaxAnnualSalary
Naturalist II - Parks and Recreation,https://www.governmentjobs.com/jobs/119935-1/naturalist-ii-parks-and-recreation,Full-Time - See Position Description,"Prince Frederick, MD",,Parks & Recreation,38.54060749999999,-76.58351285647468,"https://www.google.com/maps/search/?api=1&query=38.54060749999999,-76.58351285647468",,
Environmental Services Manager - Solid Waste & Recycling,https://www.governmentjobs.com/jobs/4846026-0/environmental-services-manager-solid-waste-recycling,Town of Gilbert,"AZ 85297, AZ","Full Time - $99,527.00 - $149,290.00 Annually",Environmental,38.1342615,42.4285549,"https://www.google.com/maps/search/?api=1&query=38.1342615,42.4285549",99527.0,149290.0
Water Conservation Data Technician II,https://www.governmentjobs.com/jobs/4863632-0/water-conservation-data-technician-ii,Imperial Irrigation District,"Imperial, CA","Full-time - $67,382.00 - $85,980.00 Annually",Natural Resources,33.0305487,-115.3595666,"https://www.google.com/maps/search/?api=1&query=33.0305487,-115.3595666",67382.0,85980.0
Forestry Team Lead - Area 45,https://www.governmentjobs.com/jobs/4863229-0/forestry-team-lead-area-45,State of Mississippi,"56 - PERRY COUNTY, MS","Full-Time - $55,000.00 - $71,208.86 Annually",Forestry,31.18433867560924,-88.83392902297817,"https://www.google.com/maps/search/?api=1&query=31.18433867560924,-88.83392902297817",55000.0,71208.86
Special Programs Coordinator - Outdoor Recreation,https://www.governmentjobs.com/jobs/4854405-0/special-programs-coordinator-outdoor-recreation,Metropolitan Government of Nashville & Davidson County,"Nashville, TN","Full-Time Civil Service - $57,958.26 Annually",Parks & Recreation,36.1622767,-86.7742984,"https://www.google.com/maps/search/?api=1&query=36.1622767,-86.7742984",,57958.26
Environmental Compliance Specialist,https://www.governmentjobs.com/jobs/4863394-0/environmental-compliance-specialist,City of Irving,"City of Irving, TX","Technical - $54,768.00 - $77,208.00 Annually",Environmental,32.81389,-96.95609,"https://www.google.com/maps/search/?api=1&query=32.81389,-96.95609",54768.0,77208.0
"Forest Maintenance Worker (Semi Skilled Laborer) (Seasonal) - Forbes Forest District, Fayette County",https://www.governmentjobs.com/jobs/4856457-0/forest-maintenance-worker-semi-skilled-laborer-seasonal-forbes-forest-distr,Commonwealth of Pennsylvania,"Fayette County, PA",Civil Service Seasonal Full-Time - $18.05 Hourly,Parks & Recreation,39.921022,-79.6663803,"https://www.google.com/maps/search/?api=1&query=39.921022,-79.6663803",,37544.0
Environmental Health Seasonal Support,https://www.governmentjobs.com/jobs/4864763-0/environmental-health-seasonal-support,Georgia Department of Public Health (GA),"DeKalb County, GA",Full Time Hourly - $20.00 Hourly,Environmental,33.7575613,-84.2186508,"https://www.google.com/maps/search/?api=1&query=33.7575613,-84.2186508",,41600.0
"Park Resource Ranger, DCNR - Colonel Denning Park Complex",https://www.governmentjobs.com/jobs/4861064-0/park-resource-ranger-dcnr-colonel-denning-park-complex,Commonwealth of Pennsylvania,"Cumberland County, PA",Civil Service Seasonal Full-Time - $18.05 Hourly,Parks & Recreation,40.1541581,-77.2803933,"https://www.google.com/maps/search/?api=1&query=40.1541581,-77.2803933",,37544.0
"Forest Maintenance Worker (Seasonal) - Rothrock Forest District, Huntingdon County",https://www.governmentjobs.com/jobs/4861634-0/forest-maintenance-worker-seasonal-rothrock-forest-district-huntingdon-count,Commonwealth of Pennsylvania,"Huntingdon County, PA",Civil Service Seasonal Full-Time - $18.05 Hourly,Parks & Recreation,40.3446332,-78.0281185,"https://www.google.com/maps/search/?api=1&query=40.3446332,-78.0281185",,37544.0
Assistant County Ranger,https://www.governmentjobs.com/jobs/4862374-0/assistant-county-ranger,State of North Carolina,"Franklin County, NC","Permanent Full-Time - $35,984.00 - $62,971.00 Annually",Parks & Recreation,36.1028596,-78.2787229,"https://www.google.com/maps/search/?api=1&query=36.1028596,-78.2787229",35984.0,62971.0
Assistant County Ranger,https://www.governmentjobs.com/jobs/4862314-0/assistant-county-ranger,State of North Carolina,"Wilson County, NC","Permanent Full-Time - $35,984.00 - $62,971.00 Annually",Parks & Recreation,35.7059114,-77.9175714,"https://www.google.com/maps/search/?api=1&query=35.7059114,-77.9175714",35984.0,62971.0
Assistant County Ranger,https://www.governmentjobs.com/jobs/4864043-0/assistant-county-ranger,State of North Carolina,"Gates County, NC","Permanent Full-Time - $35,984.00 - $62,971.00 Annually",Parks & Recreation,36.4412509,-76.6944133,"https://www.google.com/maps/search/?api=1&query=36.4412509,-76.6944133",35984.0,62971.0
Air Quality Program Specialist,https://www.governmentjobs.com/jobs/4859287-0/air-quality-program-specialist,Commonwealth of Pennsylvania,"Dauphin County, PA","Civil Service Permanent Full-Time - $66,250.00 - $100,636.00 Annually",Environmental,40.398036,-76.8115168,"https://www.google.com/maps/search/?api=1&query=40.398036,-76.8115168",66250.0,100636.0
DCNR Ranger Trainee - Linn Run State Park Complex,https://www.governmentjobs.com/jobs/4859429-0/dcnr-ranger-trainee-linn-run-state-park-complex,Commonwealth of Pennsylvania,"Westmoreland County, PA",Civil Service Seasonal Full-Time - $21.03 Hourly,Parks & Recreation,40.2930159,-79.4873204,"https://www.google.com/maps/search/?api=1&query=40.2930159,-79.4873204",,43742.4
Utility Plant Specialist*,https://www.governmentjobs.com/jobs/4864177-0/utility-plant-specialist,City of Richmond,"Richmond, VA","Full-Time - $44,616.00 - $73,611.20 Annually",Water,37.5385087,-77.43428,"https://www.google.com/maps/search/?api=1&query=37.5385087,-77.43428",44616.0,73611.2
Environmental Resources Specialist 2 - Office of Environmental Health Services - Jefferson Co.,https://www.governmentjobs.com/jobs/4863175-0/environmental-resources-specialist-2-office-of-environmental-health-services,West Virginia,"Jefferson County, WV","Full-Time Permanent - $41,194.00 - $71,789.00 Annually",Environmental,39.2954767,-77.8782587,"https://www.google.com/maps/search/?api=1&query=39.2954767,-77.8782587",41194.0,71789.0
Assistant Environmental Engineer or Environmental Engineer,https://www.governmentjobs.com/jobs/119895-1/assistant-environmental-engineer-or-environmental-engineer,ACHD,"Garden City, ID","Full-Time - $69,472.00 - $89,440.00 Annually",Environmental,43.622111,-116.238178,"https://www.google.com/maps/search/?api=1&query=43.622111,-116.238178",69472.0,89440.0
Parks & Open Space - Summer 2025 Internships,https://www.governmentjobs.com/jobs/119892-1/parks-open-space-summer-2025-internships,Town of Erie,"Erie, CO",Temporary - $25.00 Hourly,Parks & Recreation,40.0502623,-105.049981,"https://www.google.com/maps/search/?api=1&query=40.0502623,-105.049981",,52000.0
Wastewater Plant Maintenance/Operator,https://www.governmentjobs.com/jobs/119888-1/wastewater-plant-maintenance-operator,Full-Time - Depends On Qualifications,"Kingstree, SC",,Water,33.6676643,-79.8306265,"https://www.google.com/maps/search/?api=1&query=33.6676643,-79.8306265",,
Land Manager (Environmental Specialist II) - Natural Areas and Trails - R19251,https://www.governmentjobs.com/jobs/119878-1/land-manager-environmental-specialist-ii-natural-areas-and-trails-r19251,Sarasota County Government,"Sarasota, FL","Full-Time - $53,456.00 - $56,000.00 Annually",Environmental,27.3365805,-82.5308545,"https://www.google.com/maps/search/?api=1&query=27.3365805,-82.5308545",53456.0,56000.0
Park Ranger I (21568),https://www.governmentjobs.com/jobs/119868-1/park-ranger-i-21568,Full-Time - Negotiable,"Titusville, FL",,Parks & Recreation,28.6126236,-80.8079545,"https://www.google.com/maps/search/?api=1&query=28.6126236,-80.8079545",,
Environmental Resources Specialist,https://www.governmentjobs.com/jobs/119870-1/environmental-resources-specialist,Placer County,"Auburn, CA","Full-Time - $90,417.60 - $112,923.20 Annually",Environmental,38.8945939,-121.0739897,"https://www.google.com/maps/search/?api=1&query=38.8945939,-121.0739897",90417.6,112923.2
Fish and Wildlife Technician 3 (Sand Point salmon genetics sampling-PCN 111906),https://www.governmentjobs.com/jobs/4862828-0/fish-and-wildlife-technician-3-sand-point-salmon-genetics-sampling-pcn-111906,State of Alaska,"Sand Point, AK",Seasonal - $32.25 Hourly,Fish & Wildlife,55.3403484,-160.4980639,"https://www.google.com/maps/search/?api=1&query=55.3403484,-160.4980639",,67080.0
Fish and Wildlife Technician 2 (Port Sampler-PCN 111870),https://www.governmentjobs.com/jobs/4862844-0/fish-and-wildlife-technician-2-port-sampler-pcn-111870,State of Alaska,"Craig, AK",Seasonal - $19.05 Hourly,Fish & Wildlife,55.4763889,-133.148333,"https://www.google.com/maps/search/?api=1&query=55.4763889,-133.148333",,39624.0
Wildland Fire & Resource Technician 3 - Prevention Technician (PCN 10-9463),https://www.governmentjobs.com/jobs/4862849-0/wildland-fire-resource-technician-3-prevention-technician-pcn-10-9463,State of Alaska,"Soldotna, AK",Seasonal - $29.90 Hourly,Forestry,60.4847228,-151.065349,"https://www.google.com/maps/search/?api=1&query=60.4847228,-151.065349",,62192.0
"Fish and Wildlife Technician 2 (Creel Technician-PCN 11N25039, 11N25040, 11N25041, 11N25042)",https://www.governmentjobs.com/jobs/4862836-0/fish-and-wildlife-technician-2-creel-technician-pcn-11n25039-11n25040-11n25041,State of Alaska,"Sitka, AK",Short Term Nonperm - $20.00 Hourly,Fish & Wildlife,57.4086082,-135.4596206,"https://www.google.com/maps/search/?api=1&query=57.4086082,-135.4596206",,41600.0
Forester 2 Area Resource Forester (PCN 10-9852),https://www.governmentjobs.com/jobs/4864538-0/forester-2-area-resource-forester-pcn-10-9852,State of Alaska,"Ketchikan, AK",Full Time - $29.73 Hourly,Forestry,55.3430696,-131.6466819,"https://www.google.com/maps/search/?api=1&query=55.3430696,-131.6466819",,61838.4
Fish and Wildlife Technician 3 (PCN 111416),https://www.governmentjobs.com/jobs/4862841-0/fish-and-wildlife-technician-3-pcn-111416,State of Alaska,"Sand Point, AK",Seasonal - $32.25 Hourly,Fish & Wildlife,55.3403484,-160.4980639,"https://www.google.com/maps/search/?api=1&query=55.3403484,-160.4980639",,67080.0
Fish and Wildlife Technician 3 (PCN 111936),https://www.governmentjobs.com/jobs/4862840-0/fish-and-wildlife-technician-3-pcn-111936,State of Alaska,"Craig, AK",Seasonal - $21.50 Hourly,Fish & Wildlife,55.4763889,-133.148333,"https://www.google.com/maps/search/?api=1&query=55.4763889,-133.148333",,44720.0
Fish and Game Coordinator (Regional Supervisor-PCN 116008),https://www.governmentjobs.com/jobs/4862842-0/fish-and-game-coordinator-regional-supervisor-pcn-116008,State of Alaska,"Anchorage, AK","Full Time - $3,666.40 Biweekly",Fish & Wildlife,61.2163129,-149.894852,"https://www.google.com/maps/search/?api=1&query=61.2163129,-149.894852",,3666.4
Fishery Biologist 3 (Upper Cook Inlet Research Biologist - PCN 111255),https://www.governmentjobs.com/jobs/4862845-0/fishery-biologist-3-upper-cook-inlet-research-biologist-pcn-111255,State of Alaska,"Soldotna, AK","Full Time - $2,804.80 Biweekly",Fish & Wildlife,60.4847228,-151.065349,"https://www.google.com/maps/search/?api=1&query=60.4847228,-151.065349",,2804.8
Fish and Wildlife Technician 3 (PCN 11N25053),https://www.governmentjobs.com/jobs/4862835-0/fish-and-wildlife-technician-3-pcn-11n25053,State of Alaska,"Homer, AK",Short Term Nonperm - $21.50 Hourly,Fish & Wildlife,59.6454064,-151.5445643,"https://www.google.com/maps/search/?api=1&query=59.6454064,-151.5445643",,44720.0
Fish and Wildlife Technician 3/4 (PCN 111822),https://www.governmentjobs.com/jobs/4862838-0/fish-and-wildlife-technician-3-4-pcn-111822,State of Alaska,"Douglas, AK",Seasonal - $22.58 - $25.47 Hourly,Fish & Wildlife,58.27722865,-134.39615248374338,"https://www.google.com/maps/search/?api=1&query=58.27722865,-134.39615248374338",46966.399999999994,52977.6
GIS Technician III,https://www.governmentjobs.com/jobs/4853432-0/gis-technician-iii,City of Portland,"1120 SW 5th Ave, OR",Regular - $43.23 - $55.21 Hourly,GIS,45.5157563,-122.6790002,"https://www.google.com/maps/search/?api=1&query=45.5157563,-122.6790002",89918.4,114836.8
Hatchery Worker,https://www.governmentjobs.com/jobs/4860978-0/hatchery-worker,Imperial Irrigation District,"El Centro, CA","Full-time - $55,431.00 - $70,754.00 Annually",Fish & Wildlife,32.792,-115.563051,"https://www.google.com/maps/search/?api=1&query=32.792,-115.563051",55431.0,70754.0
GIS Analyst Senior,https://www.governmentjobs.com/jobs/4863750-0/gis-analyst-senior,City of Gresham,"Gresham, OR","Full Time - $84,046.00 - $107,378.00 Annually",GIS,45.4978623,-122.4329883,"https://www.google.com/maps/search/?api=1&query=45.4978623,-122.4329883",84046.0,107378.0
Park / Open Space Superintendent,https://www.governmentjobs.com/jobs/4863142-0/park-open-space-superintendent,County of Marin,"San Rafael, CA","Full Time, Regular - $135,116.80 - $164,195.20 Annually",Parks & Recreation,37.9747795,-122.5316686,"https://www.google.com/maps/search/?api=1&query=37.9747795,-122.5316686",135116.8,164195.2
Landscape Maintenance Technician,https://www.governmentjobs.com/jobs/4864640-0/landscape-maintenance-technician,City of Oxnard,"Oxnard 93030, CA","Full Time - $39,913.95 - $66,576.85 Annually",Parks & Recreation,34.1976308,-119.180381,"https://www.google.com/maps/search/?api=1&query=34.1976308,-119.180381",39913.95,66576.85
Water Quality Control Technician I/II,https://www.governmentjobs.com/jobs/4860924-0/water-quality-control-technician-i-ii,Full-Time - See Position Description,Norco,,Environmental,33.9323307,-117.5508901,"https://www.google.com/maps/search/?api=1&query=33.9323307,-117.5508901",,
Geospatial Analyst,https://www.governmentjobs.com/jobs/4860517-0/geospatial-analyst,State of Colorado,"Centennial, CO","Full Time - $66,768.00 - $106,656.00 Annually",GIS,39.579155,-104.8769227,"https://www.google.com/maps/search/?api=1&query=39.579155,-104.8769227",66768.0,106656.0
"CPW Program Assistant I / Invasive Species Program Assistant - (Denver, CO)",https://www.governmentjobs.com/jobs/4862886-0/cpw-program-assistant-i-invasive-species-program-assistant-denver-co,State of Colorado,"Denver, CO","Full Time - $52,344.00 - $68,052.00 Annually",Natural Resources,39.7392364,-104.984862,"https://www.google.com/maps/search/?api=1&query=39.7392364,-104.984862",52344.0,68052.0
Environmental Engineer,https://www.governmentjobs.com/jobs/4863882-0/environmental-engineer,State of Utah,"Salt Lake County, UT",Full Time - $25.33 - $52.69 Hourly,Environmental,40.6632297,-111.9103124,"https://www.google.com/maps/search/?api=1&query=40.6632297,-111.9103124",52686.399999999994,109595.2
Plant Maintenance Coordinator,https://www.governmentjobs.com/jobs/4837873-0/plant-maintenance-coordinator,State of Colorado,"Clear Creek County, CO","Full Time - $49,848.00 - $57,324.00 Annually",Parks & Recreation,39.6754591,-105.6435349,"https://www.google.com/maps/search/?api=1&query=39.6754591,-105.6435349",49848.0,57324.0
Habitat Restoration Biologist and Impact Analysis Biologist (2 positions),https://www.governmentjobs.com/jobs/4857032-0/habitat-restoration-biologist-and-impact-analysis-biologist-2-positions,State of Utah,"Weber County, UT",Full Time - $23.96 - $27.91 Hourly,Natural Resources,41.2728039,-111.8860648,"https://www.google.com/maps/search/?api=1&query=41.2728039,-111.8860648",49836.8,58052.8
Weed & Pest Technician,https://www.governmentjobs.com/jobs/4864516-0/weed-pest-technician,City of Riverton,"Riverton, WY","Full-time - $37,190.40 - $47,944.00 Annually",Natural Resources,43.0247245,-108.380727,"https://www.google.com/maps/search/?api=1&query=43.0247245,-108.380727",37190.4,47944.0
TEMPORARY Area 14 Wildlife Property Technician - Kit Carson County,https://www.governmentjobs.com/jobs/4863704-0/temporary-area-14-wildlife-property-technician-kit-carson-county,State of Colorado,"Kit Carson County, CO",Temporary (9 months or less) - $16.50 Hourly,Fish & Wildlife,39.3080613,-102.62075,"https://www.google.com/maps/search/?api=1&query=39.3080613,-102.62075",,34320.0
GIS Analyst,https://www.governmentjobs.com/jobs/4863542-0/gis-analyst,City of De Pere,"De Pere, WI","Full-Time – Non-Exempt - $60,715.20 - $86,736.00 Annually",GIS,44.4493584,-88.0599986,"https://www.google.com/maps/search/?api=1&query=44.4493584,-88.0599986",60715.2,86736.0
Natural Resources Specialist (Restoration and Resilience),https://www.governmentjobs.com/jobs/4862811-0/natural-resources-specialist-restoration-and-resilience,Travis County,"Austin, TX","Full Time - $58,671.38 - $72,752.51 Annually",Natural Resources,30.2711286,-97.7436995,"https://www.google.com/maps/search/?api=1&query=30.2711286,-97.7436995",58671.38,72752.51
Water Plant Summer 2025 Maintenance Laborer,https://www.governmentjobs.com/jobs/4864269-0/water-plant-summer-2025-maintenance-laborer,City of Ames,"50010, IA",Temporary - $15.21 Hourly,Water,42.028285138825446,-93.61572899094617,"https://www.google.com/maps/search/?api=1&query=42.028285138825446,-93.61572899094617",,31636.800000000003
Natural Resources Specialist Senior,https://www.governmentjobs.com/jobs/4860861-0/natural-resources-specialist-senior,Travis County,"Austin, TX","Full Time - $61,018.23 - $76,272.79 Annually",Natural Resources,30.2711286,-97.7436995,"https://www.google.com/maps/search/?api=1&query=30.2711286,-97.7436995",61018.23,76272.79
Seasonal AIS Watercraft Decontamination Specialist - Lake Minnetonka/Carver Park Reserve,https://www.governmentjobs.com/jobs/4860252-0/seasonal-ais-watercraft-decontamination-specialist-lake-minnetonka-carver-park,Three Rivers Park District,"Lake Minnetonka Regional Park - Minnetrista and Carver Park Reserve - Victoria, MN",Seasonal - $16.50 - $18.00 Hourly,Parks & Recreation,,,,34320.0,37440.0
Seasonal Attendant - AIS Watercaft Inspector - Lake Minnetonka/Carver Park Reserve,https://www.governmentjobs.com/jobs/4860244-0/seasonal-attendant-ais-watercaft-inspector-lake-minnetonka-carver-park-reserv,Three Rivers Park District,"Lake Minnetonka Regional Park - Minnetrista and Carver Park Reserve - Victoria, MN",Seasonal - $14.00 - $15.50 Hourly,Parks & Recreation,,,,29120.0,32240.0
GIS Specialist,https://www.governmentjobs.com/jobs/4863377-0/gis-specialist,Regular Full-time - Depends on Qualifications,"Houston, TX",,GIS,29.7589382,-95.3676974,"https://www.google.com/maps/search/?api=1&query=29.7589382,-95.3676974",,
Temporary Park Naturalist,https://www.governmentjobs.com/jobs/4864684-0/temporary-park-naturalist,6 month Temp - Depends on Qualifications,"Eagan, MN",,Parks & Recreation,44.818173,-93.1659179,"https://www.google.com/maps/search/?api=1&query=44.818173,-93.1659179",,
Water Treatment Plant Maintenance Technician,https://www.governmentjobs.com/jobs/4791195-0/water-treatment-plant-maintenance-technician,Full-Time - Depends on Qualifications,"Williston, ND",,Water,48.1465457,-103.621814,"https://www.google.com/maps/search/?api=1&query=48.1465457,-103.621814",,
Seasonal Shift Leader - Lake Minnetonka/Carver Park Reserve,https://www.governmentjobs.com/jobs/4860192-0/seasonal-shift-leader-lake-minnetonka-carver-park-reserve,Three Rivers Park District,"Lake Minnetonka Regional Park - Minnetrista and Carver Park Reserve - Victoria, MN",Seasonal - $18.00 - $19.50 Hourly,Parks & Recreation,,,,37440.0,40560.0
Seasonal Lifeguard - Lake Minnetonka Regional Park,https://www.governmentjobs.com/jobs/4860294-0/seasonal-lifeguard-lake-minnetonka-regional-park,Three Rivers Park District,"Lake Minnetonka Regional Park - Minnetrista, MN",Seasonal - $16.50 - $18.00 Hourly,Parks & Recreation,44.8977821,-93.67154793806293,"https://www.google.com/maps/search/?api=1&query=44.8977821,-93.67154793806293",34320.0,37440.0
Seasonal Head Lifeguard - Lake Minnetonka Regional Park,https://www.governmentjobs.com/jobs/4860225-0/seasonal-head-lifeguard-lake-minnetonka-regional-park,Three Rivers Park District,"Lake Minnetonka Regional Park - Minnetrista, MN",Seasonal - $18.50 - $20.00 Hourly,Parks & Recreation,44.8977821,-93.67154793806293,"https://www.google.com/maps/search/?api=1&query=44.8977821,-93.67154793806293",38480.0,41600.0
Seasonal Attendant - Lake Minnetonka/Carver Park Reserve,https://www.governmentjobs.com/jobs/4860279-0/seasonal-attendant-lake-minnetonka-carver-park-reserve,Three Rivers Park District,"Lake Minnetonka Regional Park - Minnetrista and Carver Park Reserve - Victoria, MN",Seasonal - $13.50 - $15.00 Hourly,Parks & Recreation,,,,28080.0,31200.0
Seasonal Attendant  - Cleary Lake Regional Park,https://www.governmentjobs.com/jobs/4861441-0/seasonal-attendant-cleary-lake-regional-park,Three Rivers Park District,"Cleary Lake Regional Park - Prior Lake, MN",Seasonal - $13.50 - $15.00 Hourly,Parks & Recreation,44.6881936,-93.39173380046594,"https://www.google.com/maps/search/?api=1&query=44.6881936,-93.39173380046594",28080.0,31200.0
Seasonal Attendant - Cedar Lake Farms,https://www.governmentjobs.com/jobs/4861495-0/seasonal-attendant-cedar-lake-farms,Three Rivers Park District,"Cedar Lake Farm Regional Park - New Prague, MN",Seasonal - $13.50 - $15.00 Hourly,Parks & Recreation,44.5745505,-93.53046155456977,"https://www.google.com/maps/search/?api=1&query=44.5745505,-93.53046155456977",28080.0,31200.0
Environmental Hygiene Officer,https://www.governmentjobs.com/jobs/4864331-0/environmental-hygiene-officer,Minnesota City Jobs,University of Minnesota,FT - $48.08 - $56.25 Hourly,Environmental,44.9863392,-93.17945580218503,"https://www.google.com/maps/search/?api=1&query=44.9863392,-93.17945580218503",100006.4,117000.0
Forest Ranger I - Area 13,https://www.governmentjobs.com/jobs/4856193-0/forest-ranger-i-area-13,State of Mississippi,"59 - PRENTISS COUNTY, MS","Full-Time - $30,000.00 - $40,990.07 Annually",Parks & Recreation,31.566685357607916,-91.38845553261199,"https://www.google.com/maps/search/?api=1&query=31.566685357607916,-91.38845553261199",30000.0,40990.07
Seasonal Shift Leader - AIS Decontamination Specialist - Lake Minnetonka/Carver Park Reserve,https://www.governmentjobs.com/jobs/4860207-0/seasonal-shift-leader-ais-decontamination-specialist-lake-minnetonka-carver-p,Three Rivers Park District,"Lake Minnetonka Regional Park - Minnetrista and Carver Park Reserve - Victoria, MN",Seasonal - $18.50 - $20.00 Hourly,Parks & Recreation,,,,38480.0,41600.0
Assistant County Ranger,https://www.governmentjobs.com/jobs/4860419-0/assistant-county-ranger,State of North Carolina,"Edgecombe County, NC","Permanent Full-Time - $35,984.00 - $62,971.00 Annually",Parks & Recreation,35.9213841,-77.5971695,"https://www.google.com/maps/search/?api=1&query=35.9213841,-77.5971695",35984.0,62971.0
County Ranger,https://www.governmentjobs.com/jobs/4863199-0/county-ranger,State of North Carolina,"Bertie County, NC","Permanent Full-Time - $37,782.00 - $66,120.00 Annually",Parks & Recreation,36.0608505,-76.9747965,"https://www.google.com/maps/search/?api=1&query=36.0608505,-76.9747965",37782.0,66120.0
Environmental Health Specialist - Clarke,https://www.governmentjobs.com/jobs/4818985-0/environmental-health-specialist-clarke,Georgia Department of Public Health (GA),"Athens, GA","Full Time Salaried - $47,600.00 Annually",Environmental,33.9597677,-83.376398,"https://www.google.com/maps/search/?api=1&query=33.9597677,-83.376398",,47600.0
Seasonal Parks Team Member-Golf Ranger,https://www.governmentjobs.com/jobs/4863700-0/seasonal-parks-team-member-golf-ranger,City of Gahanna,"OH 43230, OH","Seasonal - $29,598.40 - $41,600.00 Annually",Parks & Recreation,40.1437848,-82.96188878843196,"https://www.google.com/maps/search/?api=1&query=40.1437848,-82.96188878843196",29598.4,41600.0
Trades Tech IV (Trails /Construction),https://www.governmentjobs.com/jobs/4854169-0/trades-tech-iv-trails-construction,Gwinnett County,"Gwinnett County, GA","Full-Time Merit - $55,721.00 - $64,079.00 Annually",Parks & Recreation,33.9566869,-84.0227467,"https://www.google.com/maps/search/?api=1&query=33.9566869,-84.0227467",55721.0,64079.0
Working Outdoor Program Coordinator,https://www.governmentjobs.com/jobs/4862646-0/working-outdoor-program-coordinator,Gwinnett County,"Gwinnett County, GA","Full-Time Merit - $63,780.00 - $74,145.00 Annually",Parks & Recreation,33.9566869,-84.0227467,"https://www.google.com/maps/search/?api=1&query=33.9566869,-84.0227467",63780.0,74145.0
Air Planning Section Chief (Environmental Group Manager),https://www.governmentjobs.com/jobs/4753334-0/air-planning-section-chief-environmental-group-manager,Commonwealth of Pennsylvania,"Dauphin County, PA","Civil Service Permanent Full-Time - $75,678.00 - $114,915.00 Annually",Environmental,40.398036,-76.8115168,"https://www.google.com/maps/search/?api=1&query=40.398036,-76.8115168",75678.0,114915.0
Utility Energy & Conservation Analyst 2,https://www.governmentjobs.com/jobs/4856585-0/utility-energy-conservation-analyst-2,Commonwealth of Pennsylvania,"Dauphin County, PA","Civil Service Permanent Full-Time - $66,250.00 - $100,636.00 Annually",Water,40.398036,-76.8115168,"https://www.google.com/maps/search/?api=1&query=40.398036,-76.8115168",66250.0,100636.0
Plant Industry Field Technician,https://www.governmentjobs.com/jobs/4857206-0/plant-industry-field-technician,Commonwealth of Pennsylvania,"*Home Headquartered, PA",Civil Service Limited Term Full-Time - $20.34 Hourly,Natural Resources,,,,,42307.2
"Lake Erie Lifeguard Supervisor, DCNR",https://www.governmentjobs.com/jobs/4861124-0/lake-erie-lifeguard-supervisor-dcnr,Commonwealth of Pennsylvania,"Erie County, PA",Civil Service Seasonal Full-Time - $19.93 Hourly,Natural Resources,42.18230345,-80.14107739801153,"https://www.google.com/maps/search/?api=1&query=42.18230345,-80.14107739801153",,41454.4
Beach and Park Watersports Attendant - Loch Raven Fishing Center Summer Seasonal Employment,https://www.governmentjobs.com/jobs/4762106-0/beach-and-park-watersports-attendant-loch-raven-fishing-center-summer-seasonal,Baltimore County,"Phoenix, MD",SEASONAL - $17.64 - $19.86 Hourly,Fish & Wildlife,39.5163872,-76.6177815,"https://www.google.com/maps/search/?api=1&query=39.5163872,-76.6177815",36691.200000000004,41308.799999999996
Recreational Trails Program Grants Coordinator,https://www.governmentjobs.com/jobs/4863824-0/recreational-trails-program-grants-coordinator,State of South Carolina,"Richland County, SC","FTE - Full-Time - $46,655.00 - $48,500.00 Annually",Parks & Recreation,34.0190006,-80.9176832,"https://www.google.com/maps/search/?api=1&query=34.0190006,-80.9176832",46655.0,48500.0
Urban Forester/Horticulturist,https://www.governmentjobs.com/jobs/4863005-0/urban-forester-horticulturist,"City of Clemson, SC","Clemson 29631, SC","Full Time - $43,992.00 - $52,998.40 Annually",Forestry,34.6850749,-82.8364111,"https://www.google.com/maps/search/?api=1&query=34.6850749,-82.8364111",43992.0,52998.4
Fishing Center Attendant - Loch Raven Fishing Center Summer Seasonal Employment,https://www.governmentjobs.com/jobs/4761125-0/fishing-center-attendant-loch-raven-fishing-center-summer-seasonal-employment,Baltimore County,"Phoenix, MD",SEASONAL - $15.00 - $15.91 Hourly,Fish & Wildlife,39.5163872,-76.6177815,"https://www.google.com/maps/search/?api=1&query=39.5163872,-76.6177815",31200.0,33092.8
Lead Environmental Health Specialist 4 - Elbert,https://www.governmentjobs.com/jobs/4795009-0/lead-environmental-health-specialist-4-elbert,Georgia Department of Public Health (GA),"Elberton (Elbert County), GA","Full Time Salaried - $58,547.06 Annually",Environmental,34.1112226,-82.8670839,"https://www.google.com/maps/search/?api=1&query=34.1112226,-82.8670839",,58547.06
Urban Forestry Arborist - Tree Trimmer,https://www.governmentjobs.com/jobs/4861363-0/urban-forestry-arborist-tree-trimmer,City of Raleigh North Carolina,"Raleigh, NC","Full-Time - $42,357.00 - $68,480.00 Annually",Forestry,35.7803977,-78.6390989,"https://www.google.com/maps/search/?api=1&query=35.7803977,-78.6390989",42357.0,68480.0
Clerical Assistant 1 (Seasonal) - Promised Land State Park Complex,https://www.governmentjobs.com/jobs/4856369-0/clerical-assistant-1-seasonal-promised-land-state-park-complex,Commonwealth of Pennsylvania,"Pike County, PA",Civil Service Seasonal Full-Time - $17.00 Hourly,Parks & Recreation,41.340546,-75.008326,"https://www.google.com/maps/search/?api=1&query=41.340546,-75.008326",,35360.0
AQUATIC BIOLOGIST III - HAWAII ISLAND,https://www.governmentjobs.com/jobs/4853238-0/aquatic-biologist-iii-hawaii-island,Various - See Position Description,Island of Hawaii,,GIS,21.3184988,-157.87057,"https://www.google.com/maps/search/?api=1&query=21.3184988,-157.87057",,
Natural Resource Specialist 4 (PCN 10-1909),https://www.governmentjobs.com/jobs/4862848-0/natural-resource-specialist-4-pcn-10-1909,State of Alaska,"Anchorage, AK","Full Time - $3,144.75 Biweekly",Natural Resources,61.2163129,-149.894852,"https://www.google.com/maps/search/?api=1&query=61.2163129,-149.894852",,3144.75
Land Use Technician,https://www.governmentjobs.com/jobs/4841772-0/land-use-technician,San Bernardino County,"Throughout San Bernardino County, CA","Full-time - $55,494.40 - $76,294.40 Annually",Natural Resources,,,,55494.4,76294.4
Land Use Supervising Planner*,https://www.governmentjobs.com/jobs/4793173-0/land-use-supervising-planner,San Bernardino County,"San Bernardino, CA","Full-time - $92,580.80 - $127,504.00 Annually",Natural Resources,34.8253019,-116.0833144,"https://www.google.com/maps/search/?api=1&query=34.8253019,-116.0833144",92580.8,127504.0
Land Use Planning Manager*,https://www.governmentjobs.com/jobs/4773267-0/land-use-planning-manager,San Bernardino County,"San Bernardino, CA","Full-time - $104,748.80 - $144,310.40 Annually",Natural Resources,34.8253019,-116.0833144,"https://www.google.com/maps/search/?api=1&query=34.8253019,-116.0833144",104748.8,144310.4
Wastewater Treatment Plant Pretreatment Technician,https://www.governmentjobs.com/jobs/4862839-0/wastewater-treatment-plant-pretreatment-technician,Pierce County,"Tacoma, WA",Career Service - Full Time - $36.90 - $46.75 Hourly,Water,47.2455013,-122.438329,"https://www.google.com/maps/search/?api=1&query=47.2455013,-122.438329",76752.0,97240.0
Land Use Technician Trainee,https://www.governmentjobs.com/jobs/4847702-0/land-use-technician-trainee,San Bernardino County,"Throughout San Bernardino County, CA","Full-time - $38,272.00 - $50,315.20 Annually",Natural Resources,,,,38272.0,50315.2
Geographic Information Spatial Analyst III,https://www.governmentjobs.com/jobs/4651740-0/geographic-information-spatial-analyst-iii,Fairfax County,"FAIRFAX (EJ32), VA","FT Salary W BN - $77,640.16 - $129,399.50 Annually",GIS,38.8462236,-77.3063733,"https://www.google.com/maps/search/?api=1&query=38.8462236,-77.3063733",77640.16,129399.5
Environmental Technologist I,https://www.governmentjobs.com/jobs/4855380-0/environmental-technologist-i,Fairfax County,"LORTON (JP04), VA","FT Hourly W BN - $58,529.74 - $97,548.88 Annually",Environmental,38.7043397,-77.220343,"https://www.google.com/maps/search/?api=1&query=38.7043397,-77.220343",121741859.2,202901670.4
Lake Patrol (Boulder Reservoir),https://www.governmentjobs.com/jobs/119825-1/lake-patrol-boulder-reservoir,"City of Boulder, CO","Boulder, CO",Part-Time - $17.78 - $24.88 Hourly,Natural Resources,40.0149856,-105.270545,"https://www.google.com/maps/search/?api=1&query=40.0149856,-105.270545",36982.4,51750.4
Junior Ranger Assistant Crew Lead,https://www.governmentjobs.com/jobs/119824-1/junior-ranger-assistant-crew-lead,"City of Boulder, CO","Boulder, CO",Full-Time - $16.25 - $22.75 Hourly,Parks & Recreation,40.0149856,-105.270545,"https://www.google.com/maps/search/?api=1&query=40.0149856,-105.270545",33800.0,47320.0
GIS Manager,https://www.governmentjobs.com/jobs/119821-1/gis-manager,"City of Boulder, CO","Boulder, CO","Full-Time - $93,683.20 - $139,152.00 Annually",GIS,40.0149856,-105.270545,"https://www.google.com/maps/search/?api=1&query=40.0149856,-105.270545",93683.2,139152.0
Environmental Director,https://www.governmentjobs.com/jobs/119808-1/environmental-director,Full-Time Regular - Depends On Qualifications,"Banning, CA",,Environmental,33.9255685,-116.875289,"https://www.google.com/maps/search/?api=1&query=33.9255685,-116.875289",,
"Teacher (Lakeview Upper Elementary) - Special Education - Extensive Support Needs **$10,000 SIGNING BONUS**",https://www.governmentjobs.com/jobs/119806-1/teacher-lakeview-upper-elementary-special-education-extensive-support-needs,El Dorado County Office of Education,"Placerville, CA","Full-Time - $61,854.00 - $126,092.00 Annually",Natural Resources,38.7296252,-120.798546,"https://www.google.com/maps/search/?api=1&query=38.7296252,-120.798546",61854.0,126092.0
Water Quality Analyst,https://www.governmentjobs.com/jobs/119802-1/water-quality-analyst,- See Position Description,"Oregon City, OR",,Environmental,45.3573429,-122.606758,"https://www.google.com/maps/search/?api=1&query=45.3573429,-122.606758",,
(SEA) Beach Park Ranger - Breezy Point,https://www.governmentjobs.com/jobs/119781-1/sea-beach-park-ranger-breezy-point,"Calvert County, MD","Prince Frederick, MD",- $20.57 Hourly,Parks & Recreation,38.54060749999999,-76.58351285647468,"https://www.google.com/maps/search/?api=1&query=38.54060749999999,-76.58351285647468",,42785.6
Wastewater Treatment Plant Operator,https://www.governmentjobs.com/jobs/119761-1/wastewater-treatment-plant-operator,City of Kalispell,"Kalispell, MT",Full-Time - $26.07 Hourly,Water,48.202158,-114.315321,"https://www.google.com/maps/search/?api=1&query=48.202158,-114.315321",,54225.6
Golf Starter & Ranger -Volunteer,https://www.governmentjobs.com/jobs/119760-1/golf-starter-ranger-volunteer,Anoka County,"Lino Lakes, MN",Part-Time Temporary - $0.00 Annually,Parks & Recreation,45.1602442,-93.0888324,"https://www.google.com/maps/search/?api=1&query=45.1602442,-93.0888324",,0.0
Land Survey Specialist 2 / Land Surveyor 1 (PCN 10-1830),https://www.governmentjobs.com/jobs/4862692-0/land-survey-specialist-2-land-surveyor-1-pcn-10-1830,State of Alaska,"Anchorage, AK","Full Time - $2,940.00 - $3,144.75 Biweekly",Natural Resources,61.2163129,-149.894852,"https://www.google.com/maps/search/?api=1&query=61.2163129,-149.894852",2940.0,3144.75
Environmental Compliance Coordinator,https://www.governmentjobs.com/jobs/4861753-0/environmental-compliance-coordinator,City of Pasco,"City of Pasco, WA","Regular Full-Time - $87,214.40 - $104,707.20 Annually",Environmental,46.2362721,-119.090395,"https://www.google.com/maps/search/?api=1&query=46.2362721,-119.090395",87214.4,104707.2
Environmental Health Technician - Pool Inspector,https://www.governmentjobs.com/jobs/4860253-0/environmental-health-technician-pool-inspector,Tacoma-Pierce County Health Department,"Tacoma-Pierce County Health Department, WA","Temporary - $56,388.80 - $72,716.80 Annually",Environmental,,,,56388.8,72716.8
Senior Park Aide (Central Lakes Area) Seasonal,https://www.governmentjobs.com/jobs/4856083-0/senior-park-aide-central-lakes-area-seasonal,State of Washington,"Chelan County – Chelan, WA","Seasonal - $3,477.00 - $4,194.00 Monthly",Parks & Recreation,47.8012197,-120.6276904,"https://www.google.com/maps/search/?api=1&query=47.8012197,-120.6276904",3477.0,4194.0
Environmental Health Specialist I/II,https://www.governmentjobs.com/jobs/4856567-0/environmental-health-specialist-i-ii,Tacoma-Pierce County Health Department,"Tacoma-Pierce County Health Department, WA","Regular - $68,265.60 - $87,817.60 Annually",Environmental,,,,68265.6,87817.6
Ecotoxicologist (Water Quality Planner/ Project Manager II),https://www.governmentjobs.com/jobs/4853314-0/ecotoxicologist-water-quality-planner-project-manager-ii,King County,"Seattle - Regional area, WA","Career Service, Full Time, 40 hrs/week - $94,241.26 - $119,456.27 Annually",Environmental,,,,196021820.79999998,248469041.6
Wastewater Treatment Plant Operator-In-Training,https://www.governmentjobs.com/jobs/4861672-0/wastewater-treatment-plant-operator-in-training,Full-Time - See Position Description,"Idaho Falls, ID",,Water,43.4887907,-112.03628,"https://www.google.com/maps/search/?api=1&query=43.4887907,-112.03628",,
Forestry Technician I (Summer 2025),https://www.governmentjobs.com/jobs/4861777-0/forestry-technician-i-summer-2025,"Mountain Village, Town of (CO)","Mountain Village, CO",Seasonal - $23.07 - $31.14 Hourly,Forestry,37.9313827,-107.856453,"https://www.google.com/maps/search/?api=1&query=37.9313827,-107.856453",47985.6,64771.200000000004
Habitat and Access Branch Chief 2025-00617,https://www.governmentjobs.com/jobs/4860752-0/habitat-and-access-branch-chief-2025-00617,State of Wyoming,"Statewide, WY","Permanent Full-time - $8,871.71 - $9,857.45 Monthly",Natural Resources,,,,8871.71,9857.45
Forestry Technician II/ Crew Leader Assistant (Summer 2025),https://www.governmentjobs.com/jobs/4861887-0/forestry-technician-ii-crew-leader-assistant-summer-2025,"Mountain Village, Town of (CO)","Mountain Village, CO",Seasonal - $25.37 - $34.25 Hourly,Forestry,37.9313827,-107.856453,"https://www.google.com/maps/search/?api=1&query=37.9313827,-107.856453",52769.6,71240.0
Environmental Laboratory Chemist,https://www.governmentjobs.com/jobs/4858858-0/environmental-laboratory-chemist,San Antonio Water System,"San Antonio, TX","Full Time - $62,109.00 - $106,538.00 Annually",Environmental,29.4246002,-98.4951405,"https://www.google.com/maps/search/?api=1&query=29.4246002,-98.4951405",62109.0,106538.0
Area Land Manager (Open),https://www.governmentjobs.com/jobs/4848859-0/area-land-manager-open,"St. Louis County, Minnesota","Duluth, MN","Permanent, Full-Time - $36.30 - $44.81 Hourly",Natural Resources,46.7729322,-92.1251218,"https://www.google.com/maps/search/?api=1&query=46.7729322,-92.1251218",75504.0,93204.8
Seasonal Program Instructor - Outdoor Murfreesboro,https://www.governmentjobs.com/jobs/4858095-0/seasonal-program-instructor-outdoor-murfreesboro,City of Murfreesboro,"Murfreesboro, TN",Seasonal - $14.86 Hourly,Parks & Recreation,35.8460396,-86.3921096,"https://www.google.com/maps/search/?api=1&query=35.8460396,-86.3921096",,30908.8
Landscape Recycling Center Attendant,https://www.governmentjobs.com/jobs/4862499-0/landscape-recycling-center-attendant,City of Columbus (WI),Columbus,Seasonal - $16.79 Hourly,Parks & Recreation,39.9622601,-83.0007065,"https://www.google.com/maps/search/?api=1&query=39.9622601,-83.0007065",,34923.2
Rehabilitation Assistant - Storm Lake,https://www.governmentjobs.com/jobs/4862271-0/rehabilitation-assistant-storm-lake,State of Iowa,"Storm Lake - 50588 - Buena Vista County, IA","Full-time - $36,628.80 - $53,788.80 Annually",Natural Resources,42.6452817,-95.1992726,"https://www.google.com/maps/search/?api=1&query=42.6452817,-95.1992726",36628.8,53788.8
Environmental Scientist 1/2/3,https://www.governmentjobs.com/jobs/4861401-0/environmental-scientist-1-2-3,State of Louisiana,"Baton Rouge, LA","Classified - $1,672.80 - $2,641.60 Biweekly",Environmental,30.4494155,-91.1869659,"https://www.google.com/maps/search/?api=1&query=30.4494155,-91.1869659",1672.8,2641.6
Naturalist Aide (Summer Seasonal),https://www.governmentjobs.com/jobs/4844609-0/naturalist-aide-summer-seasonal,Ramsey County,"(Tamarack Nature Center) White Bear Township, MN",Seasonal - $16.39 Hourly,Natural Resources,45.0935647,-93.0480581,"https://www.google.com/maps/search/?api=1&query=45.0935647,-93.0480581",,34091.200000000004
Seasonal Weeds Inspector - BNS,https://www.governmentjobs.com/jobs/4861131-0/seasonal-weeds-inspector-bns,City of Indianapolis and Marion County,"City County Building, IN",Part-time/Seasonal/Temp - $15.00 Hourly,Natural Resources,39.767970399999996,-86.15353618045614,"https://www.google.com/maps/search/?api=1&query=39.767970399999996,-86.15353618045614",,31200.0
"Recreation Services Manager (Outdoor Recreation, Education, and City Lakes)",https://www.governmentjobs.com/jobs/4861236-0/recreation-services-manager-outdoor-recreation-education-and-city-lakes,City of Durham,"Durham, NC","Full time with benefits - $84,428.00 - $130,874.00 Annually",Parks & Recreation,35.996653,-78.9018053,"https://www.google.com/maps/search/?api=1&query=35.996653,-78.9018053",84428.0,130874.0
Landscape Supervisor,https://www.governmentjobs.com/jobs/4857104-0/landscape-supervisor,City of Deerfield Beach,"Bernard Adams Municipal Complex (Formerly Central City Campus), FL",Full-Time - $27.86 - $36.21 Hourly,Natural Resources,27.7567667,-81.4639835,"https://www.google.com/maps/search/?api=1&query=27.7567667,-81.4639835",57948.799999999996,75316.8
Assistant State Forester - Forest Protection,https://www.governmentjobs.com/jobs/4860489-0/assistant-state-forester-forest-protection,State of North Carolina,"Wake County, NC","Permanent Full-Time - $73,096.00 - $142,538.00 Annually",Forestry,35.7979355,-78.6118311,"https://www.google.com/maps/search/?api=1&query=35.7979355,-78.6118311",73096.0,142538.0
Plant Operator I - Wastewater Division,https://www.governmentjobs.com/jobs/4722777-0/plant-operator-i-wastewater-division,Collier County,"Naples, FL","Full Time, Regular - $43,492.80 Annually",Water,26.1421976,-81.7942944,"https://www.google.com/maps/search/?api=1&query=26.1421976,-81.7942944",,43492.8
Air Quality Specialist Trainee (Environmental Trainee),https://www.governmentjobs.com/jobs/4858272-0/air-quality-specialist-trainee-environmental-trainee,Commonwealth of Pennsylvania,"Luzerne County, PA","Civil Service Permanent Full-Time - $44,890.00 - $67,678.00 Annually",Environmental,41.1749635,-75.9695233,"https://www.google.com/maps/search/?api=1&query=41.1749635,-75.9695233",44890.0,67678.0
Environmental Protection Compliance Specialist,https://www.governmentjobs.com/jobs/4854742-0/environmental-protection-compliance-specialist,Commonwealth of Pennsylvania,"Cambria County, PA","Civil Service Permanent Full-Time - $58,035.00 - $88,235.00 Annually",Environmental,40.4843583,-78.718852,"https://www.google.com/maps/search/?api=1&query=40.4843583,-78.718852",58035.0,88235.0
Environmental Protection Compliance Specialist,https://www.governmentjobs.com/jobs/4856316-0/environmental-protection-compliance-specialist,Commonwealth of Pennsylvania,"Dauphin County, PA","Civil Service Permanent Full-Time - $58,035.00 - $88,235.00 Annually",Environmental,40.398036,-76.8115168,"https://www.google.com/maps/search/?api=1&query=40.398036,-76.8115168",58035.0,88235.0
Water Quality Specialist Supervisor,https://www.governmentjobs.com/jobs/4858334-0/water-quality-specialist-supervisor,Commonwealth of Pennsylvania,"Allegheny County, PA","Civil Service Permanent Full-Time - $66,250.00 - $100,636.00 Annually",Environmental,40.4597204,-79.9760405,"https://www.google.com/maps/search/?api=1&query=40.4597204,-79.9760405",66250.0,100636.0
County Engineer - Land Development,https://www.governmentjobs.com/jobs/119691-1/county-engineer-land-development,Rockwall County,"Rockwall, TX","Full-Time - $120,000.00 Annually",Natural Resources,32.8923464,-96.4066987,"https://www.google.com/maps/search/?api=1&query=32.8923464,-96.4066987",,120000.0
Land Manager (Environmental Specialist III) - R19254,https://www.governmentjobs.com/jobs/119679-1/land-manager-environmental-specialist-iii-r19254,Sarasota County Government,"Englewood, FL","Full-Time - $57,577.60 - $63,003.00 Annually",Environmental,26.9606125,-82.3576323996642,"https://www.google.com/maps/search/?api=1&query=26.9606125,-82.3576323996642",57577.6,63003.0
Wildland Operations Battalion Chief,https://www.governmentjobs.com/jobs/4859303-0/wildland-operations-battalion-chief,FULL-TIME,"CA 92602, CA",,Forestry,33.909478199999995,-117.50042513868998,"https://www.google.com/maps/search/?api=1&query=33.909478199999995,-117.50042513868998",,
GIS Analyst,https://www.governmentjobs.com/jobs/4856979-0/gis-analyst,City of Newberg Oregon,"NEWBERG, OR","Regular Full-time - $5,635.07 - $7,212.40 Monthly",GIS,45.300347,-122.972751,"https://www.google.com/maps/search/?api=1&query=45.300347,-122.972751",5635.07,7212.4
GIS Specialist,https://www.governmentjobs.com/jobs/4861650-0/gis-specialist,City of Oxnard,"Oxnard 93030, CA","Full Time - $56,031.66 - $78,444.08 Annually",GIS,34.1976308,-119.180381,"https://www.google.com/maps/search/?api=1&query=34.1976308,-119.180381",56031.66,78444.08
Wildlife Area Technician - Natural Resource Technician 3 - Non-Permanent - *01764-25,https://www.governmentjobs.com/jobs/4859407-0/wildlife-area-technician-natural-resource-technician-3-non-permanent-01764,State of Washington,"Skagit County - Mt. Vernon, WA","Full Time - Non-Permanent - $3,393.00 - $4,517.00 Monthly",Fish & Wildlife,48.44093445,-122.33564195,"https://www.google.com/maps/search/?api=1&query=48.44093445,-122.33564195",3393.0,4517.0
Park Ranger I,https://www.governmentjobs.com/jobs/4841791-0/park-ranger-i,County of Santa Clara,"Throughout the County of Santa Clara, CA","Full-Time - $74,896.64 - $90,584.00 Annually",Parks & Recreation,,,,74896.64,90584.0
Senior Chemist (Regional Water Quality Control Plant),https://www.governmentjobs.com/jobs/4685224-0/senior-chemist-regional-water-quality-control-plant,City of Palo Alto,"Palo Alto, CA","Regular Full-Time - $115,481.60 - $141,793.60 Annually",Environmental,37.4443293,-122.1598465,"https://www.google.com/maps/search/?api=1&query=37.4443293,-122.1598465",115481.6,141793.6
Cultural Resources Unit Manager (Environmental Planner 5),https://www.governmentjobs.com/jobs/4856159-0/cultural-resources-unit-manager-environmental-planner-5,State of Washington,"Thurston County – Olympia, WA","Full Time - Permanent - $6,705.00 - $9,021.00 Monthly",Environmental,47.0435674,-122.8585789,"https://www.google.com/maps/search/?api=1&query=47.0435674,-122.8585789",6705.0,9021.0
"Substitute Teacher (Part-Time / Temporary) at Mount View YSC in Lakewood, CO",https://www.governmentjobs.com/jobs/4847748-0/substitute-teacher-part-time-temporary-at-mount-view-ysc-in-lakewood-co,State of Colorado,"Lakewood, CO",Temporary Part Time (9 mos or less) - $23.79 Hourly,Natural Resources,39.7085736,-105.0846694,"https://www.google.com/maps/search/?api=1&query=39.7085736,-105.0846694",,49483.2
Wildland Fire Fighting Supervisor CSTS I (Canon City),https://www.governmentjobs.com/jobs/4857334-0/wildland-fire-fighting-supervisor-csts-i-canon-city,State of Colorado,"Canon City, CO","Full Time - $4,932.00 - $6,904.00 Monthly",Forestry,38.4422506,-105.2348795,"https://www.google.com/maps/search/?api=1&query=38.4422506,-105.2348795",4932.0,6904.0
Senior Park Ranger,https://www.governmentjobs.com/jobs/4860675-0/senior-park-ranger,City and County of Broomfield,"Norman Smith Service Center, CO",TM Non-Benefited - $20.84 - $25.47 Hourly,Parks & Recreation,,,,43347.2,52977.6
Elections GIS Analyst,https://www.governmentjobs.com/jobs/4858336-0/elections-gis-analyst,Arapahoe County,"80120, CO","Full-time - $74,877.40 - $119,610.14 Annually",GIS,39.59161482049481,-105.00636184855547,"https://www.google.com/maps/search/?api=1&query=39.59161482049481,-105.00636184855547",74877.4,119610.14
"CPW WILDLIFE MANAGER III / Wildlife Damage Specialists (Garfield, Mesa or Grand County, CO)",https://www.governmentjobs.com/jobs/4854707-0/cpw-wildlife-manager-iii-wildlife-damage-specialists-garfield-mesa-or-grand-c,State of Colorado,"Statewide, CO","Full Time - $63,624.00 - $82,716.00 Annually",Fish & Wildlife,47.3915543,-122.23002488928972,"https://www.google.com/maps/search/?api=1&query=47.3915543,-122.23002488928972",63624.0,82716.0
Environmental Service Worker,https://www.governmentjobs.com/jobs/4859511-0/environmental-service-worker,Sheboygan County,"Plymouth, WI",Full Time - $17.34 - $21.71 Hourly,Environmental,43.7486054,-87.977038,"https://www.google.com/maps/search/?api=1&query=43.7486054,-87.977038",36067.2,45156.8
GIS Intern,https://www.governmentjobs.com/jobs/4859932-0/gis-intern,Minnesota City Jobs,Blaine,Internship - $22.85 - $24.32 Hourly,GIS,45.1607987,-93.2349489,"https://www.google.com/maps/search/?api=1&query=45.1607987,-93.2349489",47528.0,50585.6
"Plant Maintenance Technician or Operator (Hiring Incentive: $1,000)",https://www.governmentjobs.com/jobs/4860287-0/plant-maintenance-technician-or-operator-hiring-incentive-1-000,City of Lewisville,"Lewisville, TX","Full-Time - $45,257.90 - $61,397.68 Annually",Water,33.046233,-96.994174,"https://www.google.com/maps/search/?api=1&query=33.046233,-96.994174",45257.9,61397.68
Environmental Attendant,https://www.governmentjobs.com/jobs/4860511-0/environmental-attendant,Carver County,"Carver County Environmental Center, MN",Full-Time - $17.12 - $25.68 Hourly,Environmental,,,,35609.6,53414.4
Forestry Technician I - Area 44,https://www.governmentjobs.com/jobs/4852049-0/forestry-technician-i-area-44,State of Mississippi,"55 - PEARL RIVER COUNTY, MS","Full-Time - $37,000.00 - $42,856.26 Annually",Forestry,31.275641644444445,-89.2660359111111,"https://www.google.com/maps/search/?api=1&query=31.275641644444445,-89.2660359111111",37000.0,42856.26
Forestry Team Lead - Area 44,https://www.governmentjobs.com/jobs/4852114-0/forestry-team-lead-area-44,State of Mississippi,"55 - PEARL RIVER COUNTY, MS","Full-Time - $55,000.00 - $71,208.86 Annually",Forestry,31.275641644444445,-89.2660359111111,"https://www.google.com/maps/search/?api=1&query=31.275641644444445,-89.2660359111111",55000.0,71208.86
Environmental Health Specialist 1,https://www.governmentjobs.com/jobs/4825218-0/environmental-health-specialist-1,DuPage County Health Department,"422 N. Cass Avenue - Westmont IL 60559, IL","Full Time (37.5 hours per week) - $44,400.00 Annually",Environmental,41.82346887054091,-87.97546932442054,"https://www.google.com/maps/search/?api=1&query=41.82346887054091,-87.97546932442054",,92352000.0
Landscape Technician,https://www.governmentjobs.com/jobs/4859193-0/landscape-technician,"Eau Claire, City of (WI)","Eau Claire, WI",Full-Time - $29.29 - $34.99 Hourly,Natural Resources,44.811349,-91.4984941,"https://www.google.com/maps/search/?api=1&query=44.811349,-91.4984941",60923.2,72779.2
Senior Tree & Landscape Plans Examiner,https://www.governmentjobs.com/jobs/4857785-0/senior-tree-landscape-plans-examiner,City of San Antonio,"78207, TX",4C Full-Time - $24.15 - $36.22 Hourly,Natural Resources,29.422713237142855,-98.52537216163266,"https://www.google.com/maps/search/?api=1&query=29.422713237142855,-98.52537216163266",50232.0,75337.59999999999
BIOLOGIST 1-3  LAFAYETTE WMA,https://www.governmentjobs.com/jobs/4859354-0/biologist-1-3-lafayette-wma,State of Louisiana,"Lafayette, LA","Classified - $3,181.00 - $5,724.00 Monthly",GIS,30.2262187,-92.0178202,"https://www.google.com/maps/search/?api=1&query=30.2262187,-92.0178202",3181.0,5724.0
City Forester,https://www.governmentjobs.com/jobs/4859902-0/city-forester,Minnesota City Jobs,Blaine,FT - $44.29 - $57.57 Hourly,Forestry,45.1607987,-93.2349489,"https://www.google.com/maps/search/?api=1&query=45.1607987,-93.2349489",92123.2,119745.6
Forestry Technician I - Area 46,https://www.governmentjobs.com/jobs/4852073-0/forestry-technician-i-area-46,State of Mississippi,"24 - HARRISON COUNTY, MS","Full-Time - $37,000.00 - $42,856.26 Annually",Forestry,30.4034165,-89.2444176,"https://www.google.com/maps/search/?api=1&query=30.4034165,-89.2444176",37000.0,42856.26
Forest Ranger I - Area 46,https://www.governmentjobs.com/jobs/4852146-0/forest-ranger-i-area-46,State of Mississippi,"24 - HARRISON COUNTY, MS","Full-Time - $30,000.00 - $36,071.27 Annually",Parks & Recreation,30.4034165,-89.2444176,"https://www.google.com/maps/search/?api=1&query=30.4034165,-89.2444176",30000.0,36071.27
Environmental Inspector in Training - Environmental Protection - See Posting,https://www.governmentjobs.com/jobs/4859513-0/environmental-inspector-in-training-environmental-protection-see-posting,West Virginia,"- See Posting., WV","Full-Time Permanent - $39,461.00 - $68,582.00 Annually",Environmental,38.4758406,-80.8408415,"https://www.google.com/maps/search/?api=1&query=38.4758406,-80.8408415",39461.0,68582.0
Aquatic Plant Technician,https://www.governmentjobs.com/jobs/4859663-0/aquatic-plant-technician,Citrus County Board of County Commissioners,"Citrus County, FL",Full Time - $18.68 Hourly,Natural Resources,28.8512851,-82.5141209,"https://www.google.com/maps/search/?api=1&query=28.8512851,-82.5141209",,38854.4
Brownfield Project Manager (Geologist/Hydrologist I),https://www.governmentjobs.com/jobs/4859323-0/brownfield-project-manager-geologist-hydrologist-i,State of South Carolina,"Richland County, SC","FTE - Full-Time - $38,985.00 - $72,134.00 Annually",Environmental,34.0190006,-80.9176832,"https://www.google.com/maps/search/?api=1&query=34.0190006,-80.9176832",38985.0,72134.0
Environmental Scientist (EHM III),https://www.governmentjobs.com/jobs/4859660-0/environmental-scientist-ehm-iii,State of South Carolina,"Statewide, SC","FTE - Full-Time - $56,210.00 - $104,000.00 Annually",Environmental,35.47044905,-97.5409813631977,"https://www.google.com/maps/search/?api=1&query=35.47044905,-97.5409813631977",56210.0,104000.0
Park and Recreation Ranger 9 (Onaway State Park),https://www.governmentjobs.com/jobs/4859213-0/park-and-recreation-ranger-9-onaway-state-park,State of Michigan,"Onaway, MI",Permanent Full Time - $25.39 - $32.63 Hourly,Parks & Recreation,45.357512,-84.223903,"https://www.google.com/maps/search/?api=1&query=45.357512,-84.223903",52811.200000000004,67870.40000000001
Environmental Education/Outreach Specialist (EHM II),https://www.governmentjobs.com/jobs/4859482-0/environmental-education-outreach-specialist-ehm-ii,State of South Carolina,"Statewide, SC","FTE - Full-Time - $46,655.00 - $86,321.00 Annually",Environmental,35.47044905,-97.5409813631977,"https://www.google.com/maps/search/?api=1&query=35.47044905,-97.5409813631977",46655.0,86321.0
Trades Tech-PT (Trails / Construction),https://www.governmentjobs.com/jobs/4859077-0/trades-tech-pt-trails-construction,Gwinnett County,"Gwinnett County, GA",Part-Time - $16.00 Hourly,Parks & Recreation,33.9566869,-84.0227467,"https://www.google.com/maps/search/?api=1&query=33.9566869,-84.0227467",,33280.0
Environmental Technician (Hazardous Waste Handling),https://www.governmentjobs.com/jobs/4566199-0/environmental-technician-hazardous-waste-handling,SOUTHEASTERN PSA (VA),"Suffolk, VA",Full-Time - $17.42 - $21.78 Hourly,Environmental,36.7281341,-76.5834683,"https://www.google.com/maps/search/?api=1&query=36.7281341,-76.5834683",36233.600000000006,45302.4
Water Treatment Plant Operator (SCADA),https://www.governmentjobs.com/jobs/4586936-0/water-treatment-plant-operator-scada,Seminole County/Board of County Commissioners,"Winter Park, FL","Full Time Employment - $42,883.06 - $55,747.98 Annually",Water,28.5977707,-81.3510264,"https://www.google.com/maps/search/?api=1&query=28.5977707,-81.3510264",42883.06,55747.98
Chief Water Treatment Plant Operator,https://www.governmentjobs.com/jobs/4604927-0/chief-water-treatment-plant-operator,Seminole County/Board of County Commissioners,"Winter Park, FL","Full Time Employment - $50,018.80 - $65,024.44 Annually",Water,28.5977707,-81.3510264,"https://www.google.com/maps/search/?api=1&query=28.5977707,-81.3510264",50018.8,65024.44
Water Treatment Plant Operator,https://www.governmentjobs.com/jobs/4847324-0/water-treatment-plant-operator,Seminole County/Board of County Commissioners,"Winter Park, FL","Full Time Employment - $42,883.06 - $55,747.98 Annually",Water,28.5977707,-81.3510264,"https://www.google.com/maps/search/?api=1&query=28.5977707,-81.3510264",42883.06,55747.98
Environmental Review Coordinator,https://www.governmentjobs.com/jobs/4666737-0/environmental-review-coordinator,State of North Carolina,"Wake County, NC","Permanent Full-Time - $50,633.00 - $88,607.00 Annually",Environmental,35.7979355,-78.6118311,"https://www.google.com/maps/search/?api=1&query=35.7979355,-78.6118311",50633.0,88607.0
Air Quality Specialist Trainee (Environmental Trainee),https://www.governmentjobs.com/jobs/4854053-0/air-quality-specialist-trainee-environmental-trainee,Commonwealth of Pennsylvania,"Lycoming County, PA","Civil Service Permanent Full-Time - $44,890.00 - $67,678.00 Annually",Environmental,41.3472688,-77.0220348,"https://www.google.com/maps/search/?api=1&query=41.3472688,-77.0220348",44890.0,67678.0
Dental Assistant - SCI Forest,https://www.governmentjobs.com/jobs/4848359-0/dental-assistant-sci-forest,Commonwealth of Pennsylvania,"Forest County, PA","Non-Civil Service Permanent Full-time - $35,306.00 - $51,932.00 Annually",Forestry,41.5329762,-79.2640912,"https://www.google.com/maps/search/?api=1&query=41.5329762,-79.2640912",35306.0,51932.0
Environmental Educator,https://www.governmentjobs.com/jobs/4859372-0/environmental-educator,Montgomery County (PA),"Lower Perkiomen Valley Park, PA",Full-Time - $24.33 - $32.44 Hourly,Environmental,40.1286544,-75.4472740763417,"https://www.google.com/maps/search/?api=1&query=40.1286544,-75.4472740763417",50606.399999999994,67475.2
Marine Fisheries Coastwide Programs Manager,https://www.governmentjobs.com/jobs/4740606-0/marine-fisheries-coastwide-programs-manager,State of North Carolina,"Carteret County, NC","Permanent Full-Time - $64,621.00 - $113,088.00 Annually",Fish & Wildlife,34.8496625,-76.5931208,"https://www.google.com/maps/search/?api=1&query=34.8496625,-76.5931208",64621.0,113088.0
GIS Manager,https://www.governmentjobs.com/jobs/119627-1/gis-manager,"City of Boulder, CO","Boulder, CO","Full-Time - $93,683.20 - $139,152.00 Annually",GIS,40.0149856,-105.270545,"https://www.google.com/maps/search/?api=1&query=40.0149856,-105.270545",93683.2,139152.0
Junior Ranger Crew Lead,https://www.governmentjobs.com/jobs/119625-1/junior-ranger-crew-lead,"City of Boulder, CO","Boulder, CO",Full-Time - $17.78 - $24.88 Hourly,Parks & Recreation,40.0149856,-105.270545,"https://www.google.com/maps/search/?api=1&query=40.0149856,-105.270545",36982.4,51750.4
Landscape Crew Member I (Valmont City Park),https://www.governmentjobs.com/jobs/119624-1/landscape-crew-member-i-valmont-city-park,"City of Boulder, CO","Boulder, CO",Full-Time - $16.25 - $22.75 Hourly,Parks & Recreation,40.0149856,-105.270545,"https://www.google.com/maps/search/?api=1&query=40.0149856,-105.270545",33800.0,47320.0
Part Time Landscape Crew Member I (Valmont City Park),https://www.governmentjobs.com/jobs/119623-1/part-time-landscape-crew-member-i-valmont-city-park,"City of Boulder, CO","Boulder, CO",Part-Time - $16.25 - $22.75 Hourly,Parks & Recreation,40.0149856,-105.270545,"https://www.google.com/maps/search/?api=1&query=40.0149856,-105.270545",33800.0,47320.0
Junior Ranger Crew Member,https://www.governmentjobs.com/jobs/119618-1/junior-ranger-crew-member,"City of Boulder, CO","Boulder, CO",Part-Time - $15.57 - $20.05 Hourly,Parks & Recreation,40.0149856,-105.270545,"https://www.google.com/maps/search/?api=1&query=40.0149856,-105.270545",32385.600000000002,41704.0
Trail Crew Member,https://www.governmentjobs.com/jobs/119612-1/trail-crew-member,"City of Boulder, CO","Boulder, CO",Full-Time - $23.11 - $33.53 Hourly,Parks & Recreation,40.0149856,-105.270545,"https://www.google.com/maps/search/?api=1&query=40.0149856,-105.270545",48068.799999999996,69742.40000000001
Hatchery Specialist - Wells,https://www.governmentjobs.com/jobs/119566-1/hatchery-specialist-wells,Douglas County PUD,"Pateros, WA","Full-Time Regular - $53,458.00 - $66,822.00 Annually",Fish & Wildlife,48.0524342,-119.9033759,"https://www.google.com/maps/search/?api=1&query=48.0524342,-119.9033759",53458.0,66822.0
General Services Environmental Specialist - R19196,https://www.governmentjobs.com/jobs/119561-1/general-services-environmental-specialist-r19196,Sarasota County Government,"Sarasota, FL","Full-Time - $53,456.00 - $56,000.00 Annually",Environmental,27.3365805,-82.5308545,"https://www.google.com/maps/search/?api=1&query=27.3365805,-82.5308545",53456.0,56000.0
"Fish and Wildlife Technician 3 (Port Sampler-PCN 111733, 111345)",https://www.governmentjobs.com/jobs/4858331-0/fish-and-wildlife-technician-3-port-sampler-pcn-111733-111345,State of Alaska,"Ketchikan, AK",Seasonal - $21.50 Hourly,Fish & Wildlife,55.3430696,-131.6466819,"https://www.google.com/maps/search/?api=1&query=55.3430696,-131.6466819",,44720.0
Senior Environmental Health Specialist,https://www.governmentjobs.com/jobs/4858262-0/senior-environmental-health-specialist,County of Mendocino,"Fort Bragg, CA","Full-time Permanent - $67,641.60 - $82,222.40 Annually",Environmental,39.4436579,-123.8057607,"https://www.google.com/maps/search/?api=1&query=39.4436579,-123.8057607",67641.6,82222.4
GIS Web Services Administrator (IT System Admin – Journey),https://www.governmentjobs.com/jobs/4857830-0/gis-web-services-administrator-it-system-admin-journey,State of Washington,"Thurston County – Tumwater, WA","Full Time - Permanent - $85,764.00 - $115,344.00 Annually",GIS,46.952756300000004,-122.93861625,"https://www.google.com/maps/search/?api=1&query=46.952756300000004,-122.93861625",85764.0,115344.0
Senior Air Quality Specialist (Meteorology and Measurement) Limited Term,https://www.governmentjobs.com/jobs/4858895-0/senior-air-quality-specialist-meteorology-and-measurement-limited-term,Bay Area Air Quality Management District,"San Francisco, CA","Full Time - $125,685.16 - $152,771.09 Annually",Environmental,37.7792588,-122.4193286,"https://www.google.com/maps/search/?api=1&query=37.7792588,-122.4193286",125685.16,152771.09
Environmental Health Specialist I/II,https://www.governmentjobs.com/jobs/4857654-0/environmental-health-specialist-i-ii,County of Siskiyou,"Yreka, CA","Permanent Full Time - $56,035.20 - $82,243.20 Annually",Environmental,41.732616,-122.637766,"https://www.google.com/maps/search/?api=1&query=41.732616,-122.637766",56035.2,82243.2
Plant Operator,https://www.governmentjobs.com/jobs/4789648-0/plant-operator,City of Richland,"Wastewater Treatment Facility: 555 Lacy Rd. - Richland, WA",Regular Full-Time (Non-Exempt) - $32.73 - $38.33 Hourly,Water,46.2804298,-119.275205,"https://www.google.com/maps/search/?api=1&query=46.2804298,-119.275205",68078.4,79726.4
"Human Services Supervisor - DP - DHS - East Kern Regions (Lake Isabella, Mojave, Ridgecrest)",https://www.governmentjobs.com/jobs/4853317-0/human-services-supervisor-dp-dhs-east-kern-regions-lake-isabella-mojave,Kern County,"Depending on Assignment, CA","Full time - $4,966.78 - $5,935.76 Monthly",Natural Resources,,,,4966.78,5935.76
"Parks, Recreation, and Open Space Director",https://www.governmentjobs.com/jobs/119427-1/parks-recreation-and-open-space-director,City of Castle Pines,"Castle Pines, CO","Full-Time - $132,023.00 - $160,029.00 Annually",Parks & Recreation,39.471362150000004,-104.89517293539437,"https://www.google.com/maps/search/?api=1&query=39.471362150000004,-104.89517293539437",132023.0,160029.0
Environmental Protection Specialist I (Greenhouse Gas and Air Quality Specialist) - Denver,https://www.governmentjobs.com/jobs/4832498-0/environmental-protection-specialist-i-greenhouse-gas-and-air-quality-specialist,State of Colorado,"Denver, CO","Full Time - $64,440.00 - $70,884.00 Annually",Environmental,39.7392364,-104.984862,"https://www.google.com/maps/search/?api=1&query=39.7392364,-104.984862",64440.0,70884.0
"Water Plant Operator, Sr. - $3,000 Hiring Bonus",https://www.governmentjobs.com/jobs/4858589-0/water-plant-operator-sr-3-000-hiring-bonus,City of Glendale (AZ),"Glendale, AZ","Full Time - $60,103.16 - $90,155.00 Annually",Water,33.5386858,-112.185994,"https://www.google.com/maps/search/?api=1&query=33.5386858,-112.185994",60103.16,90155.0
Great Outdoor Waterpark Customer Service Associate & Lead Customer Service Associate,https://www.governmentjobs.com/jobs/4849605-0/great-outdoor-waterpark-customer-service-associate-lead-customer-service-associ,"City of Lafayette, Colorado","Great Outdoors Water Park - Lafayette, CO",Part Time Seasonal - $16.39 - $20.79 Hourly,Parks & Recreation,,,,34091.200000000004,43243.2
"Seasonal Parks, Forestry and Open Space Technician (SEA)",https://www.governmentjobs.com/jobs/4857871-0/seasonal-parks-forestry-and-open-space-technician-sea,The Town of Parker,"CO 80134, CO",Seasonal - $20.40 - $23.97 Hourly,Parks & Recreation,39.75260385,-105.22287559016559,"https://www.google.com/maps/search/?api=1&query=39.75260385,-105.22287559016559",42432.0,49857.6
Seasonal Laborer-Streets/Forestry,https://www.governmentjobs.com/jobs/3044224-0/seasonal-laborer-streets-forestry,City of Williston,"Williston, ND",Seasonal - $17.00 Hourly,Forestry,48.1465457,-103.621814,"https://www.google.com/maps/search/?api=1&query=48.1465457,-103.621814",,35360.0
Environmental Health and Safety Instructor,https://www.governmentjobs.com/jobs/4858816-0/environmental-health-and-safety-instructor,Full-time - Depends on Qualifications,"AR ENVIRONMENTAL TRAINING ACADEMY, AR",,Environmental,,,,,
Seasonal Wildlife Sanctuary Nature Center Spec. - Gift Shop,https://www.governmentjobs.com/jobs/4858479-0/seasonal-wildlife-sanctuary-nature-center-spec-gift-shop,City of Green Bay,"Green Bay, WI",Seasonal - $13.26 - $15.30 Hourly,Fish & Wildlife,44.5126379,-88.0125794,"https://www.google.com/maps/search/?api=1&query=44.5126379,-88.0125794",27580.8,31824.0
Senior GIS Specialist,https://www.governmentjobs.com/jobs/4857318-0/senior-gis-specialist,"Panama City, City of (FL)","Panama City, FL","Full- Time - $64,396.80 Annually",GIS,30.1586518,-85.6602936,"https://www.google.com/maps/search/?api=1&query=30.1586518,-85.6602936",,64396.8
Environmental Specialist - Water Resources,https://www.governmentjobs.com/jobs/4855602-0/environmental-specialist-water-resources,Dakota County,"Apple Valley, MN","Full-Time - $70,518.00 - $110,185.00 Annually",Environmental,44.7319094,-93.21772,"https://www.google.com/maps/search/?api=1&query=44.7319094,-93.21772",70518.0,110185.0
Park Ranger Supervisor (Travis County Employees Only),https://www.governmentjobs.com/jobs/4855866-0/park-ranger-supervisor-travis-county-employees-only,Travis County,"Austin, TX","Full Time - $90,649.37 - $111,487.29 Annually",Parks & Recreation,30.2711286,-97.7436995,"https://www.google.com/maps/search/?api=1&query=30.2711286,-97.7436995",90649.37,111487.29
Park Ranger Assistant (Recreation Activity Instructor),https://www.governmentjobs.com/jobs/4453787-0/park-ranger-assistant-recreation-activity-instructor,City of Norfolk,"Norfolk, VA","Intermittent Temporary - $1,300.00 Biweekly",Parks & Recreation,36.8493695,-76.2899539,"https://www.google.com/maps/search/?api=1&query=36.8493695,-76.2899539",,1300.0
Water Treatment Plant Operator,https://www.governmentjobs.com/jobs/4858237-0/water-treatment-plant-operator,Albemarle,"Albemarle, NC","Full-time Regular - $40,580.80 - $51,729.60 Annually",Water,35.3501426,-80.2000578,"https://www.google.com/maps/search/?api=1&query=35.3501426,-80.2000578",40580.8,51729.6
CO-OP/INTERN 4 (Water Quality & Treatment),https://www.governmentjobs.com/jobs/4858464-0/co-op-intern-4-water-quality-treatment,City of Cincinnati,"Ohio 45202, OH","Part-time Classified - $35,776.00 - $52,208.00 Annually",Environmental,39.2142709,-84.58606657903724,"https://www.google.com/maps/search/?api=1&query=39.2142709,-84.58606657903724",35776.0,52208.0
Green Swamp Conservation Technician I,https://www.governmentjobs.com/jobs/4735428-0/green-swamp-conservation-technician-i,State of North Carolina,"Brunswick County, NC","Permanent Full-Time - $32,639.00 - $57,117.00 Annually",Natural Resources,34.0718195,-78.1914215,"https://www.google.com/maps/search/?api=1&query=34.0718195,-78.1914215",32639.0,57117.0
"Park Resource Ranger, DCNR (Seasonal)- Codorus State Park",https://www.governmentjobs.com/jobs/4853751-0/park-resource-ranger-dcnr-seasonal-codorus-state-park,Commonwealth of Pennsylvania,"York County, PA",Civil Service Seasonal Full-Time - $18.05 Hourly,Parks & Recreation,39.973143050000004,-76.74297462376592,"https://www.google.com/maps/search/?api=1&query=39.973143050000004,-76.74297462376592",,37544.0
Geospatial Information System (GIS) Section Supervisor (Natural Resource Program Supervisor),https://www.governmentjobs.com/jobs/4851989-0/geospatial-information-system-gis-section-supervisor-natural-resource-program,Commonwealth of Pennsylvania,"Dauphin County, PA","Civil Service Permanent Full-Time - $75,678.00 - $114,915.00 Annually",GIS,40.398036,-76.8115168,"https://www.google.com/maps/search/?api=1&query=40.398036,-76.8115168",75678.0,114915.0
Environmental Education Specialist (Permanent) - Forbes Forest District,https://www.governmentjobs.com/jobs/4852277-0/environmental-education-specialist-permanent-forbes-forest-district,Commonwealth of Pennsylvania,"Westmoreland County, PA","Civil Service Permanent Full-Time - $50,836.00 - $77,321.00 Annually",Environmental,40.2930159,-79.4873204,"https://www.google.com/maps/search/?api=1&query=40.2930159,-79.4873204",50836.0,77321.0
Environmental Chemist 1,https://www.governmentjobs.com/jobs/4852244-0/environmental-chemist-1,Commonwealth of Pennsylvania,"Montgomery County, PA","Civil Service Permanent Full-Time - $58,035.00 - $88,235.00 Annually",Environmental,40.2154361,-75.3702305,"https://www.google.com/maps/search/?api=1&query=40.2154361,-75.3702305",58035.0,88235.0
Environmental Educator (part-time) Wilkerson Nature Preserve,https://www.governmentjobs.com/jobs/4857790-0/environmental-educator-part-time-wilkerson-nature-preserve,City of Raleigh North Carolina,"Raleigh, NC",Seasonal - $15.00 Hourly,Environmental,35.7803977,-78.6390989,"https://www.google.com/maps/search/?api=1&query=35.7803977,-78.6390989",,31200.0
Park and Recreation Ranger E (Warren Dunes State Park) - 2 Vacancies,https://www.governmentjobs.com/jobs/4779930-0/park-and-recreation-ranger-e-warren-dunes-state-park-2-vacancies,State of Michigan,"Sawyer, MI",Seasonal - $20.77 - $29.20 Hourly,Parks & Recreation,45.8731634,-91.1468287,"https://www.google.com/maps/search/?api=1&query=45.8731634,-91.1468287",43201.6,60736.0
College Intern Urban Forestry,https://www.governmentjobs.com/jobs/4858610-0/college-intern-urban-forestry,"City of Hamilton, Ohio","Hamilton, OH",Temporary Full Time - $14.92 - $21.01 Hourly,Forestry,39.2085354,-84.5501874,"https://www.google.com/maps/search/?api=1&query=39.2085354,-84.5501874",31033.6,43700.8
Environmental Engineer,https://www.governmentjobs.com/jobs/4852753-0/environmental-engineer,Commonwealth of Pennsylvania,"Luzerne County, PA","Civil Service Permanent Full-Time - $73,995.00 - $100,636.00 Annually",Environmental,41.1749635,-75.9695233,"https://www.google.com/maps/search/?api=1&query=41.1749635,-75.9695233",73995.0,100636.0
Solid Waste Specialist Trainee (Environmental Trainee),https://www.governmentjobs.com/jobs/4852991-0/solid-waste-specialist-trainee-environmental-trainee,Commonwealth of Pennsylvania,"Montgomery County, PA","Civil Service Permanent Full-Time - $44,890.00 - $67,678.00 Annually",Environmental,40.2154361,-75.3702305,"https://www.google.com/maps/search/?api=1&query=40.2154361,-75.3702305",44890.0,67678.0
Water Quality Analyst,https://www.governmentjobs.com/jobs/119486-1/water-quality-analyst,City of Tucson,"Tucson, AZ",- $21.96 - $32.94 Hourly,Environmental,32.2228765,-110.974847,"https://www.google.com/maps/search/?api=1&query=32.2228765,-110.974847",45676.8,68515.2
Land Dev Fee Tech I (21421),https://www.governmentjobs.com/jobs/119431-1/land-dev-fee-tech-i-21421,Full-Time - Negotiable,"FL, USA",,Natural Resources,27.7567667,-81.4639835,"https://www.google.com/maps/search/?api=1&query=27.7567667,-81.4639835",,
(SEA) Assistant Swim Coach I - Kings Landing,https://www.governmentjobs.com/jobs/119410-1/sea-assistant-swim-coach-i-kings-landing,"Calvert County, MD","Prince Frederick, MD",- $19.80 Hourly,Natural Resources,38.54060749999999,-76.58351285647468,"https://www.google.com/maps/search/?api=1&query=38.54060749999999,-76.58351285647468",,41184.0
"Office Specialist 2, Lakeview",https://oregon.wd5.myworkdayjobs.com/en-US/SOR_External_Career_Site/job/Lakeview--ODOC--Warner-Creek-Correctional-Facility/Office-Specialist-2--Lakeview_REQ-175737,,Lakeview | ODOC | Warner Creek Correctional Facility,,Natural Resources,,,,,
Seasonal Park Ranger Assistant (Prineville Reservoir),https://oregon.wd5.myworkdayjobs.com/en-US/SOR_External_Career_Site/job/Prineville--OPRD--Mountain-Region---North-Central-District---MU-Prineville-Reservoir/Seasonal-Park-Ranger-Assistant--Prineville-Reservoir-_REQ-176483,,Prineville | OPRD | Mountain Region - North Central District - (MU) Prineville Reservoir,,Parks & Recreation,,,,,
Natural Resource Specialist 2 - Museum Curator,https://oregon.wd5.myworkdayjobs.com/en-US/SOR_External_Career_Site/job/Mount-Vernon--OPRD--Mountain-Region---Eastern-District---MU-Clyde-Holliday/Natural-Resource-Specialist-2---Museum-Curator_REQ-175793,,Mount Vernon | OPRD | Mountain Region - Eastern District - (MU) Clyde Holliday,,Natural Resources,,,,,
Biological Science Assistant (Diamond Lake Seine) Hiring Two Temporary Positions,https://oregon.wd5.myworkdayjobs.com/en-US/SOR_External_Career_Site/job/Roseburg--ODFW/Biological-Science-Assistant--Diamond-Lake-Seine--Hiring-Two-Temporary-Positions_REQ-176423,,Roseburg | ODFW,,Natural Resources,47.313494,-122.33931,"https://www.google.com/maps/search/?api=1&query=47.313494,-122.33931",,
Water Quality Compliance Program Manager,https://oregon.wd5.myworkdayjobs.com/en-US/SOR_External_Career_Site/job/Salem--ODA--Headquarters-Office/Water-Quality-Compliance-Program-Manager_REQ-176425,,Salem | ODA | Headquarters Office,,Environmental,,,,,
Seasonal Park Ranger Assistant (Milo McIver),https://oregon.wd5.myworkdayjobs.com/en-US/SOR_External_Career_Site/job/Estacada--OPRD--Valleys-Region---Columbia-District---MU-Milo-McIver/Seasonal-Park-Ranger-Assistant--Milo-McIver-_REQ-176181,,Estacada | OPRD | Valleys Region - Columbia District - (MU) Milo McIver,,Parks & Recreation,,,,,
District Transfer Program Advisor (Natural Resource Specialist 3),https://oregon.wd5.myworkdayjobs.com/en-US/SOR_External_Career_Site/job/Salem--OWRD--North-Mall-Office-Building/District-Transfer-Program-Advisor--Natural-Resource-Specialist-3-_REQ-172986,,Salem | OWRD | North Mall Office Building,,Natural Resources,,,,,
Natural Resource Specialist 2 (Assistant Wildlife Biologist),https://oregon.wd5.myworkdayjobs.com/en-US/SOR_External_Career_Site/job/Roseburg--ODFW/Natural-Resource-Specialist-2--Assistant-Wildlife-Biologist-_REQ-176087,,Roseburg | ODFW,,Fish & Wildlife,47.313494,-122.33931,"https://www.google.com/maps/search/?api=1&query=47.313494,-122.33931",,
Natural Resource Specialist 2 (Assistant Fish Biologist),https://oregon.wd5.myworkdayjobs.com/en-US/SOR_External_Career_Site/job/John-Day--ODFW/Natural-Resource-Specialist-2--Assistant-Fish-Biologist-_REQ-175861,,John Day | ODFW,,Fish & Wildlife,47.313494,-122.33931,"https://www.google.com/maps/search/?api=1&query=47.313494,-122.33931",,
Fish and Wildlife Technician (Habitat Technician),https://oregon.wd5.myworkdayjobs.com/en-US/SOR_External_Career_Site/job/Klamath-Falls--ODFW/Fish-and-Wildlife-Technician--Habitat-Technician-_REQ-176196-1,,Klamath Falls | ODFW,,Fish & Wildlife,47.313494,-122.33931,"https://www.google.com/maps/search/?api=1&query=47.313494,-122.33931",,
Onsite Resource Specialist (Natural Resource Specialist 3 – Environmental Health Specialist),https://oregon.wd5.myworkdayjobs.com/en-US/SOR_External_Career_Site/job/Medford--DEQ--Stewart-Avenue/Onsite-Resource-Specialist--Natural-Resource-Specialist-3---Environmental-Health-Specialist----Two-Openings_REQ-175508,,3 Locations,,Environmental,-1.0783405,37.8606315,"https://www.google.com/maps/search/?api=1&query=-1.0783405,37.8606315",,
Seasonal Park Ranger Assistant - Sunset Bay,https://oregon.wd5.myworkdayjobs.com/en-US/SOR_External_Career_Site/job/Coos-Bay--OPRD--Coast-Region---South-Coast-District---MU-Sunset-Bay/Seasonal-Park-Ranger-Assistant---Sunset-Bay_REQ-176169,,Coos Bay | OPRD | Coast Region - South Coast District - (MU) Sunset Bay,,Parks & Recreation,,,,,
Seasonal Park Ranger Assistant (Beverly Beach State Park),https://oregon.wd5.myworkdayjobs.com/en-US/SOR_External_Career_Site/job/Newport--OPRD--Coast-Region---Central-Coast-District---MU-Beverly-Beach/Seasonal-Park-Ranger-Assistant--Beverly-Beach-State-Park-_REQ-173946,,Newport | OPRD | Coast Region - Central Coast District - (MU) Beverly Beach,,Parks & Recreation,,,,,
